Ensembl ID,Symbol,Alias symbol,Total_Support,Is Oncogene,Is Tumor Suppressor Gene,In OnkoKB,PubmedID,check
ENSG00000281614,INPP5D,"SHIP, SHIP1, hp51CN",-294,No,No,True,,
,SOCS,,-305,,,False,40171720,
,CKI,,-306,,,False,39917996,
ENSG00000137673,MMP7,,-308,,,False,,
,MEK3,,-308,,,False,32512418,
,MEK6,,-308,,,False,29475459,
ENSG00000149311,ATM,"ATA, ATC, ATD, ATDC, TEL1, TELO1",-308,No,Yes,True,40275070,
,RAR,,-308,,,False,40131242,
,P130Cas,,-308,,,False,,
ENSG00000026025,VIM,,-310,,,False,40250696,
,MKP1,,-310,,,False,,
,ITGB4BP,,-310,,,False,,
,EIF4G,,-316,,,False,39809544,
,NFkB,,-316,,,False,,
ENSG00000117425,PTCH2,,-318,,,False,39500672,
,IQGAP,,-318,,,False,"39023688, 36831467",
ENSG00000284792,PTEN,"BZS, MHAM, MMAC1, PTEN1",-320,No,Yes,True,40289619,
ENSG00000131323,TRAF3,"CAP-1, CD40bp, CRAF1, LAP1, RNF118",-321,No,Yes,True,,
ENSG00000139687,RB1,"OSRC, PPP1R130, RB",-322,No,Yes,True,"31174843, 21295686",
ENSG00000164683,HEY1,"CHF-2, CHF2, HERP2, HESR-1, HESR1, HRT-1, bHLHb31",-323,No,No,True,,
ENSG00000136560,TANK,,-324,,,False,40240561,
,RAIDD,,-324,,,False,34256011,
,TNFR2,,-324,,,False,"40278841, 40210241",
ENSG00000100324,TAB1,,-324,,,False,37832545,
ENSG00000161835,TAMALIN,,-324,,,False,,
,GTP,,-324,,,False,38593348,
,4-1BB,,-324,,,False,"40246581, 40216443",
,GDP,,-324,,,False,40247888,
ENSG00000038382,TRIO,,-327,,,False,40195525,
ENSG00000143622,RIT1,"MGC125864, MGC125865, RIBB, RIT, ROC1",-328,Yes,No,True,39760648,
,BPAG2,,-328,,,False,21295274,
ENSG00000151422,FER,,-329,,,False,"40274347, 40245702",
,Cby,,-329,,,False,36637515,
,DARPP-32,,-330,,,False,38036593,
,APS,,-330,,,False,40254608,
ENSG00000145715,RASA1,"CM-AVM, GAP, RASA, p120GAP, p120RASGAP",-330,No,Yes,True,33125148,
ENSG00000128656,CHN1,"ARHGAP2, CHN, DURS2, n-chimerin",-330,No,No,True,"37399907, 34152250",
,RasGRP,,-330,,,False,31227890,
,AC,,-332,,,False,"40293662, 40293661",
ENSG00000080815,PSEN1,,-332,,,False,39596030,
ENSG00000166167,BTRC,,-332,,,False,39135477,
,Tsh,,-332,,,False,40266664,
,NAP,,-332,,,False,,
ENSG00000138443,ABI2,,-332,,,False,"39505332, 38844969",
,p67phox,,-332,,,False,36764612,
ENSG00000087842,PIR,,-332,,,False,"40263143, 40243460",
,Dynein,,-332,,,False,39934438,
ENSG00000113070,HBEGF,,-333,,,False,,
,ZAK,,-333,,,False,40033805,
ENSG00000142192,APP,,-333,,,False,40272360,
,p110Ia,,-333,,,False,,
,IBP,,-333,,,False,40239482,
ENSG00000140396,GRIP1,,-334,,,False,25295534,
ENSG00000114062,UBE3A,,-334,,,False,,
,DISHEVELED,,-334,,,False,37683388,
ENSG00000185591,SP1,,-334,,,False,40254586,
ENSG00000073803,MAP3K13,"LZK, MEKK13",-334,Yes,No,True,38003265,
,CAVEOLIN,,-334,,,False,"40262101, 40197489",
,RIP,,-334,,,False,40275296,
ENSG00000186716,BCR,"ALL, BCR1, CML, D22S11, D22S662, PHL",-334,Yes,No,True,40282492,
,COFILIN1,,-334,,,False,,
,NRG,,-334,,,False,,
ENSG00000196396,PTPN1,PTP1B,-335,Yes,Yes,True,"40007349, 39819723",
,Ins,,-335,,,False,"40268846, 40244011, 40243746",
ENSG00000165806,CASP7,,-336,,,False,40104732,
,DLK,,-336,,,False,40117942,
,ARP2,,-336,,,False,,
ENSG00000106070,GRB10,,-336,,,False,39223679,
,MLK3,,-336,,,False,39032538,
,RADIXIN,,-336,,,False,39976799,
,NEURABIN,,-336,,,False,,
ENSG00000277443,MARCKS,,-336,,,False,39343539,
,SAP102,,-336,,,False,34393723,
,FASCIN,,-336,,,False,40142010,
,PKCE,,-336,,,False,,
,ARP23,,-336,,,False,,
ENSG00000171608,PIK3CD,p110D,-336,Yes,No,True,39872539,
ENSG00000142453,CARM1,PRMT4,-336,No,No,True,"40203080, 40045375",
ENSG00000144891,AGTR1,,-336,,,False,"39973561, 39450258",
,p55gamma,,-336,,,False,,
ENSG00000138798,EGF,,-336,,,False,40259053,
,PKI,,-338,,,False,39908736,
,CAM,,-340,,,False,40283954,
ENSG00000163932,PRKCD,,-340,,,False,39802100,
,DREAM,,-340,,,False,"40186367, 40181786",
,MP1,,-340,,,False,38669346,
,Rho,,-341,,,False,40274700,
,PROFILIN,,-341,,,False,"39715971, 39056295",
ENSG00000125753,VASP,,-342,,,False,39747206,
,GELSOLIN,,-342,,,False,"39964147, 39745006",
ENSG00000196914,ARHGEF12,"KIAA0382, LARG",-342,Yes,Yes,True,37225434,
ENSG00000126767,ELK1,,-342,,,False,39933635,
ENSG00000261150,EPPK1,,-342,,,False,38293837,
,CORTACTIN,,-342,,,False,"40196613, 39994636",
,PLCy,,-342,,,False,,
,PAR4,,-342,,,False,40118423,
,Insulin,,-342,,,False,40291485,
,E3,,-344,,,False,40285603,
,nPKC,,-344,,,False,33584253,
ENSG00000127314,RAP1B,,-344,,,False,39324266,
,ARNIP,,-344,,,False,,
,RASGRF,,-344,,,False,25208761,
,Livin,,-344,,,False,39449708,
ENSG00000134072,CAMK1,,-344,,,False,,
ENSG00000135218,CD36,"GP3B, GP4, GPIV, SCARB3",-344,No,No,True,"40287434, 40266007",
ENSG00000130427,EPO,,-344,,,False,40221815,
ENSG00000100311,PDGFB,"SIS, SSV",-344,Yes,No,True,40171620,
ENSG00000017427,IGF1,"IGF, IGF-I, IGF1A, IGFI",-344,Yes,No,True,40260284,
,GEF,,-346,,,False,40154811,
ENSG00000070831,CDC42,"CDC42Hs, G25K",-346,Yes,No,True,34196668,
,c-JUN,,-346,,,False,,
ENSG00000231617,DAXX,DAP6,-346,No,Yes,True,40130316,
ENSG00000186298,PPP1CC,,-346,,,False,38589496,
,TID1,,-346,,,False,33406664,
,PTP,,-346,,,False,40015339,
ENSG00000276068,NAIP,,-346,,,False,"39556752, 38374299",
,NAKED,,-347,,,False,40215227,
ENSG00000063176,SPHK2,,-347,,,False,39773902,
,Sara,,-347,,,False,40260290,
,YES,,-348,,,False,40274828,
,Diversin,,-348,,,False,"38672281, 24858714",
ENSG00000010810,FYN,MGC45350,-348,Yes,No,True,36740671,
,IFNy,,-348,,,False,38831884,
ENSG00000111679,PTPN6,"HCPH, PTP-1C, SHP-1, SHP1",-348,No,No,True,40164665,
ENSG00000072110,ACTN1,,-348,,,False,39738470,
,IKBB,,-348,,,False,,
,INHIBITOR2,,-348,,,False,,
ENSG00000100453,GZMB,,-348,,,False,40223063,
,SYNTAPHILIN,,-349,,,False,33577962,
,TSA,,-349,,,False,40264239,
,DCP1,,-349,,,False,36016727,
,Tpl-2,,-349,,,False,,
,YOTIAO,,-349,,,False,,
,COMPLEXIN,,-349,,,False,"39806145, 36545122",
,NMT,,-349,,,False,39939142,
ENSG00000035720,STAP1,,-349,,,False,37314022,
,PP2C,,-349,,,False,34861123,
,Mos,,-349,,,False,40278959,
,EIF4,,-349,,,False,37369297,
,SRE,,-349,,,False,,
,KB,,-349,,,False,40286104,
ENSG00000100368,CSF2RB,,-349,,,False,37527025,
,RIM,,-349,,,False,40270074,
ENSG00000184990,SIVA1,,-349,,,False,"39446287, 38312638",
ENSG00000109332,UBE2D3,,-349,,,False,"39614426, 38866770",
ENSG00000228978,TNF,,-350,,,False,40290979,
ENSG00000173039,p65,,-350,,,False,36273237,
,BIP,,-350,,,False,,
,I1,,-350,,,False,,
ENSG00000106144,CASP2,,-350,,,False,39524140,
ENSG00000166068,SPRED1,"FLJ33903, PPP1R147",-350,No,Yes,True,39495984,
ENSG00000143799,PARP1,"ADPRT, ARTD1, PARP, PPOL",-350,No,Yes,True,,
ENSG00000064012,CASP8,"Casp-8, FLICE, MACH, MCH5",-350,No,Yes,True,40223133,
,TNFB,,-350,,,False,23086128,
ENSG00000067900,ROCK1,,-350,,,False,40107880,
,CAMK2,,-350,,,False,39491498,
ENSG00000095794,CREM,,-350,,,False,"40086890, 39892476",
ENSG00000079277,MKNK1,MNK1,-350,No,No,True,,
,EIF3,,-350,,,False,"40154622, 40069645",
ENSG00000141527,CARD14,,-350,,,False,39345893,
ENSG00000174827,PDZK1,,-350,,,False,"40156235, 39819421",
ENSG00000119699,TGFB3,,-350,,,False,39701195,
ENSG00000157456,CCNB2,,-350,,,False,39911278,
,FAN,,-350,,,False,40289548,
,CALNEXIN,,-350,,,False,"40281598, 40079126",
,PABP,,-350,,,False,37704377,
ENSG00000154016,GRAP,,-350,,,False,36438781,
,Cd++,,-350,,,False,,
,PRAK,,-350,,,False,,
,MAPKAP-K3,,-350,,,False,,
ENSG00000170677,SOCS6,,-350,,,False,"39385295, 37972389",
,SCF,,-350,,,False,40187749,
,HOP,,-350,,,False,40045147,
,MAPKAP2,,-350,,,False,21606198,
ENSG00000162302,RPS6KA4,"MSK2, RSK-B",-350,Yes,No,True,37462338,
,SKIP,,-350,,,False,40240179,
,MSK1,,-350,,,False,"39942957, 39566403",
ENSG00000164047,CAMP,,-350,,,False,40258145,
ENSG00000171150,SOCS5,,-350,,,False,38429411,
,CHK,,-350,,,False,"40141218, 39900423",
ENSG00000151490,PTPRO,"GLEPP1, NPHS6, PTP-U2, PTP-oc, PTPU2",-350,No,No,True,"39095557, 38050068",
ENSG00000138193,PLCE1,,-350,,,False,39986329,
,AMISYN,,-350,,,False,,
,MUPP1,,-350,,,False,24293186,
,EBS,,-350,,,False,39919001,
,IKKy,,-350,,,False,,
,GAT1,,-350,,,False,,
,GRP94,,-350,,,False,"40234402, 39911136",
ENSG00000172005,MAL,,-350,,,False,"40256230, 40240186",
ENSG00000108840,HDAC5,,-350,,,False,"40254718, 39991577",
,DNAJ,,-350,,,False,"40267605, 39879241",
,PDI,,-350,,,False,40281598,
ENSG00000143553,SNAPIN,,-350,,,False,26419820,
ENSG00000117984,CTSD,,-350,,,False,39920524,
ENSG00000100883,SRP54,,-350,,,False,36815775,
,SYNAPTOBREVIN,,-350,,,False,,
,krm,,-350,,,False,,
ENSG00000118689,FOXO3,"AF6q21, FKHRL1, FOXO2, FOXO3A",-350,No,No,True,"38843589, 38354870",
ENSG00000198793,MTOR,"FLJ44809, FRAP, FRAP1, FRAP2, RAFT1, RAPT1",-350,Yes,No,True,40288919,
,p90RSK,,-350,,,False,,
,MUNC18,,-350,,,False,,
,MITR,,-350,,,False,36857949,
ENSG00000104365,IKBKB,"IKK-beta, IKK2, IKKB, NFKBIKB",-350,No,No,True,"40067909, 39948570",
,IKKA,,-350,,,False,,
ENSG00000142166,IFNAR1,"IFNAR, IFRC",-350,No,No,True,,
,CL,,-350,,,False,"40293274, 40293104",
,G3PD,,-350,,,False,2453082,
ENSG00000140396,NCOA2,"KAT13C, NCoA-2, TIF2, bHLHe75",-351,No,No,True,25295534,
ENSG00000198959,TGM2,,-351,,,False,40014154,
ENSG00000100644,HIF1A,"HIF-1alpha, HIF1, MOP1, PASD8, bHLHe78",-351,Yes,No,True,"37816999, 30081903",
,ANKYRIN,,-352,,,False,"40251363, 40096187",
,LXR,,-352,,,False,,
ENSG00000180340,FZD2,,-352,,,False,"35930737, 30677195",
ENSG00000081059,TCF7,,-352,,,False,39985498,
ENSG00000116604,MEF2D,,-352,Yes,No,True,"40083704, 39744125",
,SEC61P,,-352,,,False,10933400,
,EIF3S1,,-352,,,False,,
ENSG00000162552,WNT4,,-352,,,False,39726587,
ENSG00000156052,GNAQ,"G-ALPHA-q, GAQ",-352,Yes,No,True,40177537,
ENSG00000082701,GSK3B,,-352,Yes,No,True,40131864,
,FXR,,-352,,,False,,
,CSX,,-352,,,False,,
ENSG00000172936,MYD88,,-352,Yes,No,True,"31746347, 38785969",
,CREB,,-352,,,False,40242428,
ENSG00000158402,CDC25C,,-352,,,False,40008396,
,PBP,,-352,,,False,39861163,
,CDC25,,-352,,,False,"40075075, 39841298",
,FKBP,,-352,,,False,40053226,
ENSG00000135587,SMPD2,,-352,,,False,,
ENSG00000114993,RTKN,,-352,,,False,37373169,
,IP3,,-352,,,False,,
ENSG00000176248,ANAPC2,,-352,,,False,,
ENSG00000151247,EIF4E,"EIF4E1, EIF4EL1, EIF4F",-352,Yes,No,True,,
,AKAP15,,-352,,,False,,
,EIF4A,,-352,,,False,39968718,
ENSG00000139567,ACVRL1,,-352,,,False,39808498,
,MUNC13,,-352,,,False,35087953,
,DAPK,,-352,,,False,"39895102, 39346291",
ENSG00000108424,KPNB1,,-352,,,False,"39868276, 39120977",
,CHAPSYN110,,-352,,,False,,
ENSG00000285109,GATA4,,-352,No,Yes,True,39900757,
ENSG00000153107,ANAPC1,,-352,,,False,39401078,
ENSG00000124813,RUNX2,"AML3, CBFA1, CCD, CCD1, PEBP2A1, PEBP2aA1",-352,No,No,True,,
,SHANK,,-352,,,False,39368249,
ENSG00000140992,PDPK1,,-353,No,No,True,,
,Gads,,-354,,,False,,
,RPTK,,-354,,,False,24287743,
ENSG00000005882,PDK2,,-354,,,False,38991255,
,DG,,-354,,,False,,
,P50,,-354,,,False,40258833,
ENSG00000173039,RELA,,-354,,,False,36273237,
,D3R,,-354,,,False,34508168,
ENSG00000135605,TEC,PSCTK4,-354,No,No,True,"40251405, 40244261",
,RABPHILIN,,-354,,,False,"36574196, 31924649",
,MALS,,-354,,,False,,
ENSG00000198400,NTRK1,"MTC, TRKA",-354,Yes,No,True,40140952,
ENSG00000067369,TP53BP1,"53BP1, TDRD30, p202",-354,No,Yes,True,40117291,
ENSG00000100393,EP300,"KAT3B, p300",-354,No,Yes,True,"36951687, 37696842",
ENSG00000076928,ARHGEF1,,-355,,,False,,
ENSG00000129675,ARHGEF6,,-355,,,False,"37058762, 36110210",
,Aven,,-355,,,False,,
,DEFCAP,,-355,,,False,,
ENSG00000130829,DUSP9,"MKP-4, MKP4",-355,No,No,True,34830961,
,PIP5K,,-355,,,False,38156113,
,MAP-1,,-355,,,False,,
,MKP3,,-355,,,False,34711689,
ENSG00000016490,CLCA1,,-355,,,False,38809379,
,PKCz,,-355,,,False,,
ENSG00000067082,KLF6,"BCD1, COPEB, CPBP, GBF, PAC1, ST12, Zf9",-355,No,No,True,39674047,
,TUBULIN,,-356,,,False,40253669,
ENSG00000124151,NCOA3,"ACTR, AIB1, CAGH16, KAT13B, SRC-3, SRC3, TNRC16, TRAM-1, bHLHe42, p/CIP",-356,Yes,No,True,"34251576, 37711895",
,PKAc,,-356,,,False,"39796711, 39138140",
ENSG00000149089,APIP,,-356,,,False,"36529823, 32488114",
,DOCK180,,-356,,,False,38750717,
,COFILIN2,,-356,,,False,,
ENSG00000172115,CYCS,,-356,,,False,39684695,
ENSG00000152256,PDK1,,-356,Yes,No,True,40133832,
ENSG00000284933,ARHGEF5,,-356,,,False,"38003617, 30612298",
,CryAB,,-356,,,False,39763959,
ENSG00000132694,ARHGEF11,,-356,,,False,33122451,
,K+,,-356,,,False,,
ENSG00000101336,HCK,,-356,,,False,"40176057, 39952220",
,AIP4,,-356,,,False,,
ENSG00000047648,ARHGAP6,,-356,,,False,"39987095, 38283191",
ENSG00000100852,ARHGAP5,,-356,,,False,39737198,
ENSG00000101200,AVP,,-356,,,False,39900842,
ENSG00000115596,WNT6,,-356,,,False,39524727,
ENSG00000089820,ARHGAP4,,-356,,,False,38905034,
,dATP,,-356,,,False,"40108915, 39393082",
,Nucling,,-356,,,False,12761289,
,PP32,,-356,,,False,,
,hsp70,,-356,,,False,,
,BAP31,,-356,,,False,"39834395, 38644851",
,CRY,,-357,,,False,40151459,
,RTYPECA,,-357,,,False,,
ENSG00000117560,FASLG,,-357,,,False,39777457,
ENSG00000160014,CALM3,,-357,,,False,36252447,
,MAP4K6,,-357,,,False,,
ENSG00000175104,TRAF6,,-358,,,False,"40263244, 40184791",
ENSG00000010610,CD4,,-358,,,False,40291879,
,Puma,,-358,,,False,,
ENSG00000114251,WNT5A,,-358,,,False,40204099,
ENSG00000105810,CDK6,PLSTIRE,-358,Yes,No,True,40274030,
ENSG00000180370,PAK2,,-358,,,False,39799795,
,MLCK,,-358,,,False,,
,POR1,,-358,,,False,,
,PPARB,,-358,,,False,20481327,
,KSR,,-358,,,False,,
,E2,,-358,,,False,40284031,
,HBX,,-358,,,False,"40062428, 39984567",
ENSG00000104765,BNIP3L,,-358,,,False,"39945227, 39800710",
ENSG00000176171,BNIP3,,-358,,,False,40083705,
ENSG00000132002,DNAJB1,"HSPF1, Hsp40, RSPH16B, Sis1",-358,No,No,True,39947627,
ENSG00000163251,FZD5,,-358,,,False,39463927,
ENSG00000107643,JNK,,-358,,,False,"30912203, 31994958",
ENSG00000172201,ID4,,-358,,,False,39033128,
ENSG00000177283,FZD8,,-358,,,False,37809047,
,NUR77,,-358,,,False,"40079203, 40023516",
,CAMKK,,-358,,,False,,
,DR3,,-358,,,False,,
ENSG00000156299,TIAM1,,-358,,,False,39443601,
ENSG00000012983,MAP4K5,,-358,,,False,,
ENSG00000081026,MAGI3,,-358,,,False,"39409874, 35864508",
ENSG00000141480,ARRB2,,-358,,,False,36284990,
ENSG00000136504,KAT7,"HBO1, HBOA, MYST2, ZC2HC7",-358,Yes,No,True,"35637972, 33754016",
ENSG00000106683,LIMK1,,-358,,,False,"40100341, 39879704",
ENSG00000151491,EPS8,,-358,,,False,24106906,
,ICAD,,-358,,,False,,
,CASKIN,,-358,,,False,,
ENSG00000011566,MAP4K3,,-358,,,False,33204699,
,ATP,,-358,,,False,40287810,
ENSG00000100906,NFKBIA,"IKBA, IkappaBalpha, MAD-3, NFKBI",-358,No,Yes,True,40072751,
,AFX,,-358,,,False,,
ENSG00000168040,FADD,,-358,,,False,"40224389, 40141789",
ENSG00000003400,CASP10,,-358,,,False,"39662082, 38181741",
ENSG00000110711,AIP,"ARA9, FKBP16, FKBP37, XAP2",-358,Yes,Yes,True,,
,Hypoxia,,-358,,,False,40289350,
ENSG00000170776,AKAP13,,-358,,,False,37773451,
ENSG00000106633,GCK,,-358,,,False,39821340,
,Calpastatin,,-358,,,False,38547301,
ENSG00000180447,GAS1,,-358,,,False,39961214,
,RAD9,,-358,,,False,,
,RYR,,-359,,,False,39866241,
,THRAP2,,-359,,,False,,
ENSG00000130159,ECSIT,SITPEC,-360,Yes,No,True,"39384444, 36369293",
,AA,,-360,,,False,,
ENSG00000127616,SMARCA4,"BRG1, FLJ39786, SNF2-BETA, SNF2L4, hSNF2b",-360,No,Yes,True,40269969,
ENSG00000115904,HGF,"DFNB39, F-TCF, HGFB, HPTA",-360,Yes,No,True,"36459180, 37042566",
ENSG00000136869,TLR4,,-360,,,False,,
ENSG00000065526,SPEN,"KIAA0929, MINT, RBM15C, SHARP",-360,No,Yes,True,39778956,
ENSG00000175220,ARHGAP1,,-360,,,False,37511111,
ENSG00000140600,SH3GL3,,-360,,,False,33168185,
,DP103,,-360,,,False,"27308465, 22174681",
ENSG00000281324,LRP6,ADCAD2,-360,Yes,No,True,39873304,
ENSG00000130725,UBE2M,,-360,,,False,38994207,
ENSG00000285246,NEDD8,,-360,,,False,40158819,
ENSG00000158711,ELK4,,-360,Yes,No,True,"39969091, 39305302",
ENSG00000275555,DLL1,,-360,,,False,39731910,
ENSG00000184916,JAG2,,-360,,,False,"40032820, 39759522",
ENSG00000112592,TBP,,-360,,,False,40136266,
ENSG00000116478,HDAC1,"GON-10, HD1, KDAC1, RPD3L1",-360,Yes,No,True,"38254102, 37121053",
,Hrk,,-360,,,False,39730328,
ENSG00000100290,BIK,,-360,,,False,39971927,
ENSG00000164342,TLR3,,-360,,,False,40029556,
,FAF,,-360,,,False,,
ENSG00000126934,MAP2K2,"MEK2, PRKMK2",-360,Yes,No,True,,
ENSG00000153094,BCL2L11,"BIM, BOD, BimEL, BimL, BimS",-360,No,Yes,True,"40041411, 39819545",
ENSG00000111049,MYF5,,-360,,,False,38150655,
ENSG00000111046,MYF6,,-360,,,False,32040482,
,Bmf,,-360,,,False,40047910,
ENSG00000122180,MYOG,,-360,,,False,"39521917, 38062876",
ENSG00000115290,GRB14,,-360,,,False,35180548,
,CRAC,,-360,,,False,40183103,
ENSG00000081189,MEF2C,,-360,Yes,Yes,True,"40223104, 40162559",
ENSG00000140262,TCF12,"HEB, HTF4, HsT17266, bHLHb20, p64",-360,No,No,True,39768127,
ENSG00000125618,PAX8,,-360,Yes,No,True,40203790,
ENSG00000183161,FANCF,,-360,No,Yes,True,38757223,
,LAMR1,,-360,,,False,17535553,
ENSG00000118513,MYB,c-myb,-360,Yes,No,True,"40277179, 40254959",
,SYNAPTOTAGMIN,,-360,,,False,39329325,
,TIEG2,,-360,,,False,10762604,
,CPI17,,-360,,,False,27793041,
,ADDUCIN,,-360,,,False,37647209,
ENSG00000136044,APPL2,,-360,,,False,"35397713, 30218350",
,NTYPECA,,-360,,,False,,
,PMCA,,-360,,,False,39716493,
,HERP1,,-360,,,False,,
,Noxa,,-360,,,False,"40243501, 40118423",
,CB1R,,-361,,,False,39663420,
,FIVEHT4R,,-361,,,False,,
ENSG00000139874,SSTR1,,-361,,,False,39352383,
,KOPR,,-361,,,False,,
ENSG00000081985,IL12RB2,,-362,,,False,38508299,
,ADAPTIN,,-362,,,False,"37952080, 36150525",
ENSG00000076641,PAG1,PAG,-362,No,No,True,"37852106, 36920166",
,M2R,,-362,,,False,32572026,
,A2AR,,-362,,,False,40003608,
,GRE,,-362,,,False,40075605,
,ALPHA2AR,,-362,,,False,,
,M4R,,-362,,,False,,
,CSP,,-362,,,False,,
,CB2R,,-362,,,False,,
,EDG2,,-362,,,False,23838008,
,GABABR,,-362,,,False,,
,FIVEHT1AR,,-362,,,False,,
ENSG00000108654,DDX5,"G17P1, HLR1, p68",-362,Yes,No,True,"40224004, 40067902",
,NOPR,,-362,,,False,,
,D1R,,-362,,,False,37953959,
,MOPR,,-362,,,False,,
,DOPR,,-362,,,False,32189076,
ENSG00000000938,FGR,,-362,,,False,,
ENSG00000182511,FES,FPS,-362,Yes,No,True,40184656,
,A1R,,-362,,,False,,
ENSG00000131508,UBE2D2,,-362,,,False,38848634,
,B2AR,,-362,,,False,,
ENSG00000169397,RAF1,"CRAF, Raf-1, c-Raf",-362,Yes,No,True,"40227502, 37020037",
ENSG00000089250,NOS1,,-362,,,False,38877096,
ENSG00000132906,CASP9,,-362,,,False,,
ENSG00000262418,PTPRC,"CD45, T200",-362,No,No,True,,
,BI-1,,-363,,,False,38744890,
,REA,,-364,,,False,"40244420, 40211658",
,cIAP,,-364,,,False,39769432,
,DENSIN,,-364,,,False,12390249,
,MGLUR7,,-364,,,False,,
,PR-A,,-364,,,False,,
ENSG00000196782,MAML3,,-364,,,False,"40228447, 39218714",
ENSG00000143801,PSEN2,,-364,,,False,38496508,
,bRAF,,-364,,,False,40282501,
ENSG00000080824,HSP90AA1,"FLJ31884, HSP90N, HSPC1, HSPCA, Hsp89, Hsp90",-364,Yes,No,True,40214234,
,ABP1,,-364,,,False,22217303,
ENSG00000213523,SRA1,,-364,,,False,"40186245, 39473951",
,D2R,,-364,,,False,38793071,
ENSG00000023445,BIRC3,"API2, MALT2, MIHC, RNF49, c-IAP2, cIAP2, hiap-1",-364,Yes,Yes,True,40029500,
,ERb,,-364,,,False,40211175,
,AMPHIPHYSIN,,-364,,,False,39930824,
,Cathepsin,,-365,,,False,40281016,
,Drp-1,,-365,,,False,,
,DJ2,,-365,,,False,,
,DJ1,,-365,,,False,,
,H2O2,,-365,,,False,40286651,
,Bcl-b,,-365,,,False,"39884007, 37005459",
,RGS,,-365,,,False,40227603,
,PrP,,-365,,,False,40289712,
,BR1R,,-365,,,False,,
,PAFR,,-365,,,False,"40033370, 36806529",
,Ku70,,-366,,,False,40114375,
,MEKK2,,-366,,,False,,
,MEKK3,,-366,,,False,38374934,
,ASC,,-366,,,False,40247390,
,Mfn2,,-366,,,False,40124955,
,DSH,,-366,,,False,,
,GLYCINE,,-367,,,False,40249988,
,SPECTRIN,,-367,,,False,39762747,
,PA,,-367,,,False,"40293672, 40293657, 40293656",
,PQCaCh,,-368,,,False,,
,ENDOPHILIN,,-368,,,False,36831023,
,IFN-yR,,-368,,,False,,
,WAVE1,,-368,,,False,"40108533, 36244851",
ENSG00000100592,DAAM1,,-368,,,False,36858182,
,cPLA2,,-368,,,False,39981923,
ENSG00000177697,CD151,,-368,,,False,"39819382, 39329462",
ENSG00000115641,FHL2,,-368,,,False,39262474,
,FIVEHT2AR,,-368,,,False,,
ENSG00000168036,CTNNB1,"CTNNB, armadillo, beta-catenin",-368,Yes,No,True,31511060,
ENSG00000109062,NHERF1,"EBP50, NHERF, SLC9A3R1",-368,Yes,Yes,True,,
,ALPHA1AR,,-368,,,False,,
ENSG00000131788,PIAS3,,-368,,,False,39496070,
,MLK1,,-368,,,False,31384171,
,M1R,,-368,,,False,36002781,
ENSG00000126457,PRMT1,,-369,,,False,"40173041, 40061000",
ENSG00000063978,RNF4,,-370,,,False,"40125551, 39418304",
ENSG00000151729,SLC25A4,,-370,,,False,"38846934, 37310411",
ENSG00000168066,SF1,,-370,,,False,40220034,
,Rad54l2,,-370,,,False,38055811,
ENSG00000124151,RAC3,,-370,,,False,"34251576, 37711895",
ENSG00000184895,SRY,,-370,,,False,40161734,
ENSG00000118495,PLAGL1,,-370,,,False,38639853,
ENSG00000103266,STUB1,,-370,,,False,39978610,
ENSG00000100105,PATZ1,"MAZR, PATZ, RIAZ, ZBTB19, ZNF278, ZSG, dJ400N23",-370,No,No,True,39576278,
ENSG00000124664,SPDEF,,-370,,,False,38850108,
ENSG00000266412,NCOA4,"ARA70, DKFZp762E1112, ELE1, PTC3, RFG",-370,No,No,True,40121885,
ENSG00000137843,PAK6,,-370,,,False,39233332,
ENSG00000159216,RUNX1,"AML1, AMLCR1, CBFA2, PEBP2A2",-370,No,Yes,True,40254502,
ENSG00000105229,PIAS4,,-370,,,False,38615741,
,PTP1D,,-370,,,False,9110989,
ENSG00000153317,ASAP1,,-370,,,False,39748364,
,PAR2,,-370,,,False,"40243559, 40205686",
,UBC9,,-370,,,False,"40025314, 39452940",
ENSG00000107262,BAG1,,-370,,,False,39366981,
ENSG00000181274,FRAT2,,-370,,,False,32802426,
ENSG00000168610,STAT3,APRF,-370,Yes,No,True,32972405,
,FILAMIN,,-370,,,False,40151834,
ENSG00000196498,NCOR2,"CTG26, SMRT, SMRTE, TNRC14, TRAC-1",-370,No,No,True,39655393,
,SHP,,-370,,,False,"40241752, 40167020",
,AES,,-370,,,False,40285824,
,APPL,,-370,,,False,40293671,
,37530,,-370,,,False,,
,ARA160,,-370,,,False,19330832,
,ARA54,,-370,,,False,17082327,
,ARA55,,-370,,,False,24942580,
,TFIIH,,-370,,,False,,
ENSG00000105401,CDC37,,-370,,,False,"39897565, 39667542",
ENSG00000136807,CDK9,,-370,,,False,40241769,
ENSG00000141367,CLTC,"CLTCL2, Hc",-370,No,No,True,39737401,
,EBP1,,-370,,,False,"39923993, 37230585",
ENSG00000244405,ETV5,ERM,-370,Yes,No,True,40027641,
ENSG00000134352,IL6ST,"CD130, GP130, IL-6RB, sGP130",-370,Yes,No,True,39840666,
ENSG00000165671,NSD1,"ARA267, FLJ22263, KMT3B, STO",-370,Yes,Yes,True,39902715,
,37165,,-370,,,False,,
,TBPIP,,-370,,,False,,
ENSG00000197321,SVIL,,-370,,,False,"39964147, 39113865",
ENSG00000164885,CDK5,,-370,,,False,"40278942, 40111935",
ENSG00000105989,WNT2,,-370,,,False,39780463,
ENSG00000145901,TNIP1,,-370,,,False,"39268404, 36657267",
ENSG00000125651,RAP74,,-370,,,False,,
,TGIF,,-370,,,False,,
,WAVE3,,-370,,,False,"37947948, 36313626",
ENSG00000089159,PXN,,-370,,,False,29318915,
ENSG00000137834,SMAD6,,-370,,,False,39454801,
,bARK,,-370,,,False,40183278,
ENSG00000184009,ACTG1,"ACTG, DFNA20, DFNA26",-370,No,Yes,True,34767732,
ENSG00000010017,RANBP9,,-370,,,False,39456631,
ENSG00000188342,RAP30,,-370,,,False,,
,RIP140,,-370,,,False,"38459621, 36769131",
,MGLUR1,,-370,,,False,39608297,
,WAVE2,,-370,,,False,"40141305, 37114076",
ENSG00000196961,AP2A1,,-370,,,False,34210752,
,DD,,-370,,,False,40266038,
,CYTOCHROMEC,,-370,,,False,,
,TR4,,-370,,,False,39671149,
ENSG00000126756,UXT,,-370,,,False,"37152054, 35229028",
,Bcl-w,,-370,,,False,39243039,
,WNT,,-370,,,False,"40290725, 40287431",
,CALRETICULIN,,-370,,,False,40276640,
ENSG00000112658,SRF,,-372,,,False,40118846,
,PLC,,-372,,,False,,
,GRIT,,-372,,,False,39786430,
,Gb,,-372,,,False,"40289214, 40282488",
ENSG00000133216,EPHB2,,-373,,,False,39893596,
,C3G,,-374,,,False,"40141751, 39843995",
ENSG00000124216,SNAI1,,-374,,,False,40228709,
,CAPRI,,-374,,,False,40153795,
ENSG00000148053,NTRK2,TRKB,-374,Yes,No,True,40133476,
ENSG00000120063,GNA13,"G13, MGC46138",-374,Yes,Yes,True,39862366,
ENSG00000172575,RASGRP1,,-374,,,False,39145071,
,NEUROFIBROMIN,,-374,,,False,,
ENSG00000064300,NGFR,,-374,,,False,,
,RAP2,,-374,,,False,37873252,
,CAMKPASE,,-374,,,False,,
,RHOGEFs,,-374,,,False,,
ENSG00000100151,PICK1,,-374,,,False,"38664379, 35774118",
ENSG00000128052,KDR,"CD309, FLK1, VEGFR, VEGFR2",-374,Yes,No,True,,
,JNK3,,-374,,,False,37895928,
ENSG00000079385,CEACAM1,,-374,,,False,40015535,
ENSG00000123374,CDK2,,-374,,,False,40280486,
ENSG00000105971,CAV2,,-374,,,False,39297754,
ENSG00000010671,BTK,"AGMX1, ATK, IMD1, PSCTK1, XLA",-374,Yes,No,True,40234394,
ENSG00000165731,RET,"CDHF12, CDHR16, HSCR1, MEN2A, MEN2B, MTC1, RET51",-376,Yes,No,True,40277748,
ENSG00000174791,RIN1,,-376,,,False,"39385415, 37607974",
,SYNGAP,,-376,,,False,36420686,
ENSG00000277641,WNT3,,-376,,,False,39944827,
,PKG,,-376,,,False,40161277,
ENSG00000141510,TP53,"LFS1, p53",-376,No,Yes,True,"32722796, 34583722",
,DYRK,,-376,,,False,"39863750, 39616148",
ENSG00000282928,MAP4K1,,-376,,,False,,
ENSG00000050748,MAPK9,,-376,,,False,33392504,
,FGFR,,-376,,,False,40281353,
,CAMKIV,,-376,,,False,35929621,
,DP1,,-376,,,False,,
ENSG00000185133,PIB5PA,,-376,,,False,38685520,
ENSG00000145386,CCNA2,,-376,,,False,40183277,
ENSG00000017797,RALBP1,,-376,,,False,37500894,
ENSG00000180772,AGTR2,,-376,,,False,35637969,
ENSG00000110092,CCND1,"BCL1, D11S287E, PRAD1, U21B31",-376,Yes,No,True,34294689,
ENSG00000100485,SOS2,,-376,,,False,39437166,
,L1,,-376,,,False,40291473,
ENSG00000152689,RASGRP3,,-376,,,False,36383217,
,Miz1,,-378,,,False,"34038747, 36538983",
,NOGGIN,,-378,,,False,39487295,
ENSG00000180616,SSTR2,,-378,,,False,40127474,
,CALBRAIN,,-378,,,False,,
ENSG00000068383,INPP5A,,-378,,,False,36437782,
,CHORDIN,,-378,,,False,38415870,
,MYOSINV,,-378,,,False,,
,VAMP,,-380,,,False,37700095,
,HOMER,,-380,,,False,40267023,
ENSG00000136854,STXBP1,,-380,,,False,37993579,
ENSG00000068971,PPP2R5B,,-380,,,False,35737155,
,SPINOPHILIN,,-382,,,False,,
ENSG00000071054,MAP4K4,"FLH21957, HGK, NIK",-383,Yes,No,True,39333438,
,JIP,,-383,,,False,39613345,
,Hsp60,,-383,,,False,40180932,
ENSG00000100060,MFNG,,-384,,,False,36925638,
,CKS1A,,-384,,,False,,
ENSG00000116663,FBXO6,,-384,,,False,,
,STAT,,-384,,,False,"40293124, 40287055",
,CK1e,,-384,,,False,,
ENSG00000115085,ZAP70,,-384,,,False,40043109,
ENSG00000109670,FBXW7,"AGO, CDC4, FBW7, FBX30, FBXW6, FLJ11071, SEL-10, SEL10",-384,No,Yes,True,40211026,
ENSG00000105397,TYK2,JTK1,-384,Yes,No,True,39867576,
,cIAP1,,-386,,,False,,
ENSG00000145604,SKP2,,-386,,,False,"40253488, 40051297",
,DELTA,,-386,,,False,,
ENSG00000113721,PDGFRB,"CD140b, JTK12, PDGFR, PDGFR1",-386,Yes,No,True,40128057,
ENSG00000179639,FCER1A,,-386,,,False,,
ENSG00000118503,TNFAIP3,"A20, OTUD7C",-386,No,Yes,True,40073844,
,Gia,,-386,,,False,39827297,
,Nrdp1,,-387,,,False,"34503235, 31213539",
ENSG00000110395,CBL,"CBL2, RNF55, c-Cbl",-388,No,Yes,True,36750253,
ENSG00000238196,NOTCH4,INT3,-388,Yes,Yes,True,40002854,
ENSG00000166333,ILK,,-388,,,False,39890647,
ENSG00000117601,SERPINC1,,-388,,,False,39403403,
,P2,,-388,,,False,,
,DAG,,-388,,,False,40241125,
,p27,,-388,,,False,40255021,
,IL-13,,-388,,,False,40243204,
ENSG00000078098,FAP,,-388,,,False,"40280932, 40260068",
ENSG00000137845,ADAM10,,-389,,,False,"40205274, 39991567",
ENSG00000147889,CDKN2A,"ARF, CDKN2, CMM2, INK4, INK4a, MLM, p14, p14ARF, p16, p16INK4a, p19Arf",-390,No,Yes,True,40268552,
ENSG00000088926,F11,,-390,,,False,39391504,
ENSG00000099804,CDC34,,-390,,,False,36332491,
ENSG00000196776,CD47,,-391,,,False,40251154,
ENSG00000044446,PHKA2,,-391,,,False,"37864183, 18959789",
ENSG00000022267,FHL1,,-391,,,False,39441229,
,Ub,,-391,,,False,"40285850, 40280917",
ENSG00000178562,CD28,,-391,Yes,No,True,40226614,
,RhoGTP,,-391,,,False,31544814,
,CypA,,-391,,,False,39993169,
ENSG00000163599,CTLA4,"CD152, CELIAC3, CTLA-4, GSE, IDDM12",-391,Yes,No,True,,
,N41,,-392,,,False,,
ENSG00000078401,EDN1,,-392,,,False,40025550,
,dsRNA,,-392,,,False,,
,Gat2,,-392,,,False,,
ENSG00000129152,MYOD1,"MYF3, MYOD, bHLHc1",-392,No,Yes,True,39913888,
,F13,,-392,,,False,38788366,
,SEC63P,,-392,,,False,,
ENSG00000151617,EDNRA,,-392,,,False,"39747280, 39267843",
ENSG00000078304,PPP2R5C,,-392,,,False,38443389,
,AMP,,-392,,,False,"40282455, 40276777",
,ARFGEF,,-393,,,False,,
,ARFGAP,,-393,,,False,39763923,
,FIVEHT1CR,,-393,,,False,,
,UbiL,,-393,,,False,34025653,
ENSG00000138735,PDE5A,,-393,,,False,38762700,
ENSG00000137462,TLR2,,-393,,,False,,
ENSG00000275618,BFAR,,-393,,,False,33297339,
,HSP72,,-393,,,False,36719747,
,IRAK-M,,-393,,,False,,
,UBE1L,,-393,,,False,25406959,
ENSG00000115718,PROC,,-394,,,False,40291108,
,Dopamine,,-394,,,False,40279845,
,IFNA,,-394,,,False,,
,GPx,,-394,,,False,40216180,
ENSG00000277273,CDK7,,-394,,,False,40171736,
ENSG00000174697,LEP,,-394,,,False,40043692,
ENSG00000184500,PROS1,,-394,,,False,39422252,
,Fe,,-394,,,False,40286765,
,Ab-R,,-394,,,False,,
ENSG00000170458,CD14,,-394,,,False,,
ENSG00000104687,GSR,,-394,,,False,39821392,
,LIP1,,-394,,,False,38950838,
,PDZGEF,,-394,,,False,,
ENSG00000134480,CCNH,,-394,,,False,39409676,
ENSG00000068745,IP6K2,,-394,,,False,"38980439, 36817960",
ENSG00000198670,LPA,,-394,,,False,40212837,
ENSG00000118046,STK11,"LKB1, PJS",-394,No,Yes,True,"40262437, 40247356",
,SA,,-394,,,False,"40290845, 40290844",
,EFA6,,-394,,,False,"28858527, 21358977",
,PAI1,,-394,,,False,,
,Catalase,,-394,,,False,40283888,
,FSH,,-394,,,False,40287875,
,CERAMIDE,,-394,,,False,40256431,
,CHOLESTEROL,,-394,,,False,40285699,
,GLYT1,,-394,,,False,27292783,
,ALPHA7NACHR,,-395,,,False,,
ENSG00000119335,SET,"2PP2A, IGAAD, IPP2A2, PHAPII, TAF-I, TAF-IBETA",-395,Yes,No,True,40292102,
ENSG00000179094,PER1,"PER, RIGUI",-395,No,No,True,39961369,
ENSG00000125538,IL1B,,-395,,,False,,
,PACAP,,-395,,,False,,
,MERLIN,,-395,,,False,,
,D4-GDI,,-395,,,False,19269969,
ENSG00000100749,VRK1,,-395,,,False,39214297,
ENSG00000281857,SAG,,-395,,,False,,
ENSG00000163558,PRKCI,"DXS1179E, PKCI",-395,Yes,No,True,,
ENSG00000132530,XAF1,,-395,,,False,"39657676, 39187208",
,ARTS,,-395,,,False,40292966,
ENSG00000276618,RAD17,"CCYC, RAD17Sp, Rad24",-395,No,Yes,True,38872153,
,Clk,,-395,,,False,,
,TPA,,-395,,,False,40253734,
ENSG00000105650,PDE4C,,-395,,,False,"38514754, 35772961",
ENSG00000100994,PYGB,,-395,,,False,39724502,
ENSG00000184588,PDE4B,,-395,,,False,"39816079, 39408735",
,ILPIP,,-395,,,False,,
ENSG00000138378,STAT4,,-395,Yes,No,True,"40223063, 40147685",
ENSG00000101246,ARFRP1,"ARL18, ARP, Arp1",-395,No,No,True,33219256,
,TOR,,-395,,,False,"40290037, 40283633",
ENSG00000167658,EEF2,,-395,,,False,40151001,
ENSG00000132915,PDE6A,,-395,,,False,32904543,
,HO,,-395,,,False,"40291011, 40289326",
,EDG4,,-395,,,False,,
ENSG00000169567,HINT1,,-395,,,False,"40033163, 36846002",
ENSG00000175793,SFN,,-395,,,False,40210876,
,PTC,,-395,,,False,40280721,
,RABGDI,,-395,,,False,,
ENSG00000143575,HAX1,,-395,,,False,38769438,
ENSG00000101981,F9,,-395,,,False,,
,Pygo,,-395,,,False,32808927,
ENSG00000125740,FOSB,,-395,,,False,30658436,
,SAPAP,,-395,,,False,,
,DcR3,,-395,,,False,"39604254, 38044583",
,TSAP6,,-395,,,False,27825812,
,CK19,,-395,,,False,40208392,
,GSH,,-395,,,False,40284532,
,CEK1,,-395,,,False,,
,AMPK,,-395,,,False,"40290068, 40280312",
,DLC2,,-395,,,False,,
,PI3P,,-395,,,False,,
ENSG00000180210,F2,,-395,,,False,,
,Glycogen,,-395,,,False,,
ENSG00000245848,CEBPA,"C/EBP-alpha, CEBP",-395,No,Yes,True,40168999,
ENSG00000102096,PIM2,,-396,,,False,39614954,
ENSG00000123496,IL13RA2,,-396,,,False,40138603,
ENSG00000203811,H3C14,"H3, H3.2, H3/M, H3/m, H3F2, H3FM, HIST2H3C, MGC9629",-396,No,No,True,,
ENSG00000125630,POLR1B,,-396,,,False,34503105,
,DOC2,,-396,,,False,15305371,
ENSG00000108262,GIT1,,-396,,,False,40176062,
,S6,,-396,,,False,40202569,
ENSG00000281221,PSMC4,,-396,,,False,"37452172, 36064557",
ENSG00000126456,IRF3,,-396,,,False,34557022,
ENSG00000089685,BIRC5,,-396,,,False,"40292060, 40285407",
ENSG00000051180,RAD51,"BRCC5, FANCR, HsRad51, HsT16930, RAD51A, RECA",-396,No,Yes,True,40235227,
ENSG00000113658,SMAD5,,-396,,,False,"39724753, 39449708",
ENSG00000164930,FZD6,,-396,,,False,38805496,
,GCAP,,-396,,,False,30451501,
ENSG00000133256,PDE6B,,-396,,,False,29721933,
ENSG00000175029,CTBP2,,-396,,,False,39071697,
,CK1d,,-396,,,False,,
,PKN,,-396,,,False,,
,CK1a,,-396,,,False,30487124,
ENSG00000122194,PLG,,-396,,,False,39827297,
ENSG00000180644,PRF1,"HPLH2, PFP",-396,No,No,True,39920136,
,ACHRE,,-396,,,False,11645853,
,GLYR,,-396,,,False,37859648,
ENSG00000099901,RANBP1,,-396,,,False,36206829,
ENSG00000153201,RANBP2,"ADANE, ANE1, NUP358",-396,Yes,No,True,"40098185, 39763778",
,RanGAP,,-396,,,False,29196813,
ENSG00000111087,GLI1,GLI,-396,Yes,No,True,"27862693, 38676428",
,GABAAR,,-396,,,False,,
,PLA2,,-396,,,False,39944809,
,Ser-prot,,-396,,,False,,
,P73,,-396,,,False,40244040,
ENSG00000185527,PDE6G,,-396,,,False,,
,CPI,,-396,,,False,40194508,
,RIIb,,-396,,,False,,
,CTIP,,-396,,,False,"40001585, 39631396",
ENSG00000134852,CLOCK,,-396,,,False,40268481,
,p32,,-396,,,False,,
,GLUT4,,-396,,,False,40087788,
,FBI1,,-396,,,False,,
,BMAL1,,-396,,,False,"40258750, 40214471",
ENSG00000148848,ADAM12,,-396,,,False,"39984619, 39806854",
ENSG00000115484,CCT4,,-396,,,False,37058032,
,PERK,,-396,,,False,,
,ACT,,-396,,,False,40290744,
,CGMP,,-396,,,False,40170354,
ENSG00000147168,IL2RG,,-396,,,False,40017197,
ENSG00000104320,NBN,"AT-V1, AT-V2, ATV, NBS, NBS1",-396,No,Yes,True,40083872,
ENSG00000138795,LEF1,"TCF10, TCF1ALPHA, TCF7L3",-396,Yes,No,True,40103614,
ENSG00000074047,GLI2,,-396,,,False,"32319599, 30409762",
ENSG00000107779,BMPR1A,"ACVRLK3, ALK3, CD292",-396,No,Yes,True,39518056,
,APOER2,,-396,,,False,,
ENSG00000173406,DAB1,,-396,,,False,36849558,
,GAS,,-396,,,False,40291873,
ENSG00000143761,ARF1,,-396,,,False,39934854,
,GALPHAZ,,-396,,,False,,
,CITRON,,-396,,,False,,
,NEUREXIN,,-396,,,False,"39586004, 38494280",
,KIR41,,-396,,,False,,
ENSG00000142867,BCL10,"CIPER, CLAP, c-E10, mE10",-396,No,Yes,True,"40073896, 39460552",
ENSG00000172572,PDE3A,,-396,,,False,39355912,
ENSG00000136535,TBR1,,-396,,,False,,
ENSG00000145839,IL9,,-396,,,False,,
,p34,,-396,,,False,,
,MST3,,-396,,,False,"39915446, 37490000",
ENSG00000204217,BMPR2,,-396,,,False,39487295,
ENSG00000115966,ATF2,,-396,,,False,"36200182, 28318081",
,PP5,,-396,,,False,,
,BMP-10,,-396,,,False,"33667477, 26591062",
,BMP-2,,-396,,,False,,
,APO3L,,-396,,,False,,
,BMPR1,,-396,,,False,31431542,
ENSG00000101210,EEF1A2,,-396,,,False,39154122,
,ACC,,-396,,,False,40277179,
,KV14,,-396,,,False,,
,NCADHERIN,,-396,,,False,,
,KINESIN,,-396,,,False,40235270,
,POTASSIUM,,-396,,,False,40281384,
,FOUREBP1,,-396,,,False,,
,BMP-7,,-396,,,False,39558215,
,APO2L,,-396,,,False,"40197050, 40112928",
ENSG00000160007,ARHGAP35,"GRF-1, GRLF1, KIAA1722, P190A, p190ARhoGAP, p190RhoGAP",-396,Yes,Yes,True,37507023,
,APE1,,-396,,,False,40237339,
ENSG00000239672,NME1,,-396,,,False,,
,BMP-5,,-396,,,False,,
ENSG00000065989,PDE4A,,-396,,,False,"38514754, 38141200",
ENSG00000105290,APLP1,,-396,,,False,38370359,
,BMP-4,,-396,,,False,39150417,
ENSG00000109471,IL2,"IL-2, TCGF",-396,No,No,True,"40287801, 40282924",
ENSG00000113520,IL4,,-396,,,False,,
ENSG00000106571,GLI3,,-396,,,False,34610962,
ENSG00000149925,ALDOA,,-396,,,False,40022086,
,VPAC2R,,-396,,,False,,
ENSG00000103197,TSC2,"LAM, PPP1R160, TSC4, tuberin",-396,No,Yes,True,40210315,
ENSG00000221914,PPP2R2A,"B55A, B55alpha, PR52A, PR55A, PR55alpha",-396,No,Yes,True,39659585,
ENSG00000168522,FNTA,,-396,,,False,34160458,
ENSG00000106991,ENG,,-396,,,False,"40293515, 40273631, 40272883",
ENSG00000069702,TGFBR3,,-396,,,False,39765733,
,VELI1,,-396,,,False,,
,TRX,,-396,,,False,39744566,
,TAX,,-396,,,False,"40261985, 40128849",
,CAMK,,-396,,,False,,
,Ty,,-396,,,False,"40272368, 40262326, 40247105",
,Ta,,-396,,,False,"40291734, 40287906, 40282947, 40282412",
,ISGF3G,,-396,,,False,,
ENSG00000095370,SH2D3C,,-396,,,False,38688945,
ENSG00000143437,ARNT,"HIF-1beta, bHLHe2",-396,No,No,True,38806469,
ENSG00000030304,MUSK,,-396,,,False,,
ENSG00000137869,CYP19A1,"ARO, ARO1, CPV1, CYAR, CYP19, P-450AROM, aromatase",-396,Yes,No,True,,
ENSG00000146469,VIP,,-396,,,False,40274961,
ENSG00000158125,XDH,,-396,,,False,39183731,
,ECM,,-396,,,False,40279258,
,SODIUM,,-396,,,False,"40292300, 40291181",
ENSG00000106615,RHEB,RHEB2,-396,Yes,No,True,40224975,
ENSG00000147889,CDKN2A,"ARF, CDKN2, CMM2, INK4, INK4a, MLM, p14, p14ARF, p16, p16INK4a, p19Arf",-396,No,Yes,True,40268552,
,Omi,,-396,,,False,39948951,
,APOLLON,,-396,,,False,,
ENSG00000091129,NRCAM,,-396,,,False,,
,CRE,,-396,,,False,40266518,
,SRPR,,-396,,,False,10484978,
,GALPHAO,,-396,,,False,,
,GALPHAI,,-396,,,False,,
,SOD,,-396,,,False,40283928,
,cADPR,,-396,,,False,,
,ADPRIBSYCYCLASE,,-396,,,False,,
ENSG00000164161,HHIP,,-396,,,False,39548148,
,PICCOLO,,-396,,,False,40220761,
ENSG00000164053,ATRIP,"FLJ12343, MGC20625, MGC21482, MGC26740",-396,No,Yes,True,39187637,
ENSG00000173846,PLK3,,-396,,,False,39082977,
,GALPHAS,,-396,,,False,,
ENSG00000143333,RGS16,,-396,,,False,37473526,
ENSG00000147883,CDKN2B,"CDK4I, INK4B, MTS2, P15, TP15, p15INK4b",-396,No,Yes,True,"40240224, 40151900",
,a2-Antiplasmin,,-396,,,False,,
,PLA2P,,-396,,,False,,
,ERK5,,-396,,,False,"40222008, 39979271",
ENSG00000071655,MBD3,,-396,,,False,38098452,
ENSG00000126218,F10,,-396,,,False,40235985,
ENSG00000057593,F7,,-396,,,False,40120218,
ENSG00000117525,F3,,-396,,,False,40230127,
ENSG00000198734,F5,,-396,,,False,40092689,
ENSG00000116678,LEPR,,-396,,,False,,
ENSG00000084774,CAD,GATD4,-396,Yes,No,True,"40286854, 40281889, 40281724",
ENSG00000136244,IL6,,-396,,,False,,
ENSG00000187741,FANCA,"FA-H, FAA, FACA, FANCH",-396,No,Yes,True,40061205,
ENSG00000158169,FANCC,"FA3, FAC, FACC",-396,No,Yes,True,40172573,
ENSG00000135862,LAMC1,,-396,,,False,39392253,
ENSG00000221829,FANCG,"FAG, XRCC9",-396,No,Yes,True,39955011,
ENSG00000112039,FANCE,"FACE, FAE",-396,No,Yes,True,,
ENSG00000165879,FRAT1,,-396,,,False,36017142,
ENSG00000170820,FSHR,,-396,,,False,"39741875, 39486187",
,NFM,,-396,,,False,38864237,
ENSG00000170581,STAT2,STAT113,-396,No,No,True,"40264759, 40033291",
,LPS,,-396,,,False,40286992,
ENSG00000091831,ER,,-396,,,False,"31318440, 34621045, 37864956",
ENSG00000118971,CCND2,,-396,Yes,No,True,39949597,
,tRNA,,-396,,,False,,
ENSG00000063046,EIF4B,,-396,,,False,39694222,
ENSG00000137154,RPS6,,-396,,,False,39941730,
ENSG00000175197,DDIT3,"CHOP, CHOP10, GADD153",-396,No,No,True,40166629,
ENSG00000100664,EIF5,,-396,,,False,36224025,
ENSG00000159164,SV2A,,-396,,,False,,
,ERE,,-396,,,False,39738653,
ENSG00000120738,EGR1,"AT225, G0S30, KROX-24, NGFI-A, TIS8, ZIF-268",-396,No,Yes,True,40203759,
,Estrogen,,-396,,,False,40290064,
,VILIP,,-396,,,False,23873030,
,SYNTROPHIN,,-396,,,False,34663329,
,Cn,,-396,,,False,40293529,
ENSG00000155011,DKK2,,-396,No,No,True,38795388,
,MNK2,,-396,,,False,39145446,
ENSG00000274233,CCL5,,-396,,,False,40269765,
ENSG00000091136,LAMB1,,-396,,,False,39866228,
,GADD45,,-396,,,False,39825580,
,MIP1B,,-396,,,False,,
ENSG00000076864,RAP1GAP,,-396,,,False,37919693,
,HMG2,,-396,,,False,,
ENSG00000213999,MEF2B,RSRFR2,-396,Yes,No,True,"40281485, 39769169",
ENSG00000148935,GAS2,,-396,,,False,36054080,
,FODRIN,,-396,,,False,"36082994, 34445080",
,HMG1,,-396,,,False,,
,HRI,,-396,,,False,"40209956, 40148780",
ENSG00000253729,PRKDC,"DNA-PKC, DNA-PKcs, DNAPK, DNAPKc, DNPK1, HYRC, HYRC1, XRCC7, p350, p460",-396,Yes,Yes,True,40095483,
ENSG00000160789,LMNA,"CMD1A, HGPS, LGMD1B, LMN1, LMNL1, PRO1",-396,Yes,No,True,40012191,
,IAP,,-396,,,False,40191152,
ENSG00000276876,MYT1,,-396,,,False,39211113,
,HUR,,-396,,,False,40233410,
,IC261,,-396,,,False,33579052,
ENSG00000147889,CDKN2A,"ARF, CDKN2, CMM2, INK4, INK4a, MLM, p14, p14ARF, p16, p16INK4a, p19Arf",-396,No,Yes,True,40268552,
ENSG00000078902,TOLLIP,,-396,,,False,"39735680, 37541664",
,IL12,,-396,,,False,40256218,
,IL8,,-396,,,False,,
,TIP1,,-396,,,False,34074654,
,RAB3,,-396,,,False,"39320613, 38591519",
ENSG00000055208,TAB2,,-396,,,False,"40062608, 39333690",
ENSG00000169618,PROKR1,,-396,,,False,32516473,
ENSG00000101680,LAMA1,,-396,,,False,38421477,
,GCN2,,-396,,,False,40029310,
,Importin,,-396,,,False,40141456,
ENSG00000047936,ROS1,"MCF3, ROS, c-ros-1",-396,Yes,No,True,40235643,
ENSG00000131095,GFAP,,-396,,,False,40233739,
,MPR,,-396,,,False,40248730,
ENSG00000176619,LMNB2,,-396,,,False,39386842,
ENSG00000113368,LMNB1,,-396,,,False,39843134,
ENSG00000283447,NDUFS1,,-396,,,False,,
,REQ,,-396,,,False,,
ENSG00000107485,GATA3,HDR,-396,Yes,Yes,True,,
,RNPK,,-396,,,False,,
,GAB,,-396,,,False,,
ENSG00000196208,GREB1,,-396,,,False,,
,GSSG,,-396,,,False,,
ENSG00000187098,MITF,"MI, WS2, WS2A, bHLHe32",-396,Yes,Yes,True,40140427,
,Acinus,,-396,,,False,39281971,
ENSG00000284161,EEF2K,,-396,,,False,39950798,
,PAR1,,-396,,,False,"40284906, 40224964",
ENSG00000112576,CCND3,,-396,Yes,No,True,40059278,
,HIPPOCALCIN,,-396,,,False,"35645147, 35102488",
ENSG00000198001,IRAK4,,-396,,,False,39841001,
,CD40L,,-396,,,False,40199608,
ENSG00000164045,CDC25A,,-396,,,False,40216745,
ENSG00000239732,TLR9,,-396,,,False,40227192,
,MLCP,,-396,,,False,30446640,
ENSG00000065057,NTHL1,"NTH1, OCTS3",-396,No,Yes,True,39793275,
ENSG00000137752,CASP1,,-396,,,False,40035384,
,4-1BBL,,-396,,,False,,
ENSG00000020922,MRE11,"ATLD, MRE11A",-396,No,Yes,True,40210436,
ENSG00000108518,PFN1,,-396,,,False,39990193,
,D1,,-396,,,False,40285779,
ENSG00000123268,ATF1,TREB36,-396,Yes,No,True,39762170,
ENSG00000113522,RAD50,"RAD50-2, hRad50",-396,No,Yes,True,"40240347, 40205351",
,PP1,,-396,,,False,40080415,
ENSG00000150455,TIRAP,,-396,,,False,38284189,
ENSG00000107130,NCS1,,-396,,,False,38506990,
ENSG00000187554,TLR5,,-396,,,False,39676674,
ENSG00000007952,NOX1,,-396,,,False,40001471,
,TFIIB,,-396,,,False,35700575,
ENSG00000184371,CSF1,"M-CSF, MCSF, MGC31930",-396,No,No,True,"40259469, 40208070",
,TFIID,,-396,,,False,"40274828, 39716936",
,KIF17B,,-396,,,False,,
,NO,,-396,,,False,,
,D2,,-396,,,False,40275270,
ENSG00000174130,TLR6,,-396,,,False,39357263,
,PP2B,,-396,,,False,33971394,
ENSG00000196664,TLR7,,-396,,,False,40231708,
ENSG00000147852,VLDLR,,-396,,,False,39715740,
,p6,,-396,,,False,,
ENSG00000090020,SLC9A1,,-396,,,False,39579355,
,p107,,-396,,,False,"40038454, 37759078",
ENSG00000101916,TLR8,,-396,,,False,,
ENSG00000174123,TLR10,,-396,,,False,"39537946, 38911853",
ENSG00000179388,EGR3,,-396,,,False,39197193,
ENSG00000122877,EGR2,KROX20,-396,No,Yes,True,39940969,
ENSG00000113196,HAND1,,-396,,,False,36594085,
,MD-2,,-396,,,False,,
ENSG00000172156,CCL11,,-396,,,False,39996058,
,IRSP53,,-396,,,False,36240267,
ENSG00000120837,NFYB,,-396,,,False,39349591,
ENSG00000164107,HAND2,,-396,,,False,39174852,
ENSG00000151247,EIF4E,"EIF4E1, EIF4EL1, EIF4F",-396,Yes,No,True,,
ENSG00000066136,NFYC,,-396,,,False,38467619,
,SEK,,-396,,,False,40027795,
ENSG00000182578,CSF1R,"C-FMS, CD115, CSFR, FMS",-396,No,No,True,,
,NFH,,-396,,,False,,
ENSG00000166851,PLK1,,-396,,,False,"40293443, 40278989",
ENSG00000205250,E2F4,,-396,,,False,39930267,
,P130,,-396,,,False,"40038454, 38967656",
ENSG00000121966,CXCR4,"CD184, D2S201E, HM89, HSY3RR, LESTR, NPY3R, NPYY3R, fusin",-396,Yes,No,True,,
,TCR,,-396,,,False,40273911,
,p38gamma,,-396,,,False,,
,PKR,,-396,,,False,40185749,
ENSG00000174125,TLR1,,-396,,,False,39914831,
ENSG00000101017,CD40,,-396,,,False,40278452,
,p70s6K,,-397,,,False,40081260,
,GC2,,-397,,,False,,
,DEDD1,,-397,,,False,,
,PLASMIN,,-397,,,False,39859388,
,MKP2,,-397,,,False,,
ENSG00000160791,CCR5,,-397,,,False,,
,O2,,-397,,,False,40286651,
,MOR,,-397,,,False,40163297,
,MURR1,,-397,,,False,36205192,
ENSG00000101977,MCF2,,-397,,,False,"32004476, 29383183",
,CHREBP,,-397,,,False,39530300,
ENSG00000169598,DFFB,,-397,,,False,37075072,
ENSG00000129566,TEP1,,-397,,,False,37818043,
,SYNAPTOPHYSIN,,-397,,,False,40256476,
,BETAARRESTIN,,-397,,,False,"31122393, 30837880",
,KV11,,-397,,,False,"39240809, 37028941",
ENSG00000115008,IL1A,,-398,,,False,39869046,
,cAMPGEFII,,-398,,,False,,
ENSG00000118094,TREH,,-398,,,False,32876528,
,ARNO,,-398,,,False,39820166,
,E12,,-398,,,False,40273171,
ENSG00000130522,JUND,,-398,,,False,40093186,
,p25,,-398,,,False,40189943,
,cMAF,,-398,,,False,39135175,
,eIF2B,,-398,,,False,"39755597, 37905009",
,GIPC,,-398,,,False,34705526,
ENSG00000099942,CRKL,,-398,Yes,No,True,"39962504, 39341909",
,CEM15,,-398,,,False,,
ENSG00000139618,BRCA2,"FAD1, FANCD1, XRCC11",-398,No,Yes,True,40275390,
ENSG00000175445,LPL,,-398,,,False,,
,PLCE,,-398,,,False,28418898,
,CNG,,-398,,,False,39709702,
ENSG00000113456,RAD1,,-398,,,False,39548071,
ENSG00000136273,HUS1,,-398,,,False,,
,AIF,,-398,,,False,40172325,
ENSG00000175054,ATR,"FRP1, MEC1, SCKL, SCKL1",-398,No,Yes,True,40261167,
ENSG00000075651,PLD1,,-398,,,False,39700947,
,Zyxin,,-398,,,False,"39792809, 39143566",
ENSG00000144554,FANCD2,"FA-D2, FACD, FANCD",-398,No,Yes,True,40232843,
ENSG00000012048,BRCA1,"FANCS, PPP1R53, RNF53",-398,No,Yes,True,25329591,
,TRE,,-398,,,False,"40279413, 40186671",
ENSG00000130779,CLIP1,"CLIP-170, CLIP170, CYLN1, RSN",-398,No,No,True,38575808,
ENSG00000176697,BDNF,,-398,,,False,40216692,
,KV42,,-398,,,False,,
,Alg-2,,-398,,,False,38659391,
,PRK2,,-398,,,False,"38537512, 32127582",
,P35,,-398,,,False,40154091,
,DIA,,-398,,,False,40224439,
,Graf,,-398,,,False,40231423,
,FLASH,,-398,,,False,"40291669, 40274842",
,I-FLICE,,-398,,,False,,
ENSG00000106546,AHR,,-398,,,False,40277756,
,IL1R,,-398,,,False,,
,DRE,,-398,,,False,40137954,
,MEF2,,-398,,,False,"40111261, 39810215",
ENSG00000165699,TSC1,"KIAA0243, TSC, hamartin",-398,No,Yes,True,40210315,
ENSG00000113448,PDE4D,,-398,,,False,,
,SYNDECAN,,-398,,,False,40192763,
,TSP1,,-398,,,False,,
,RIIa,,-398,,,False,39220670,
ENSG00000170312,CDK1,,-398,,,False,33634905,
,ARAI,,-398,,,False,"40267193, 40259860",
ENSG00000147155,EBP,,-398,,,False,39984915,
ENSG00000135446,CDK4,PSK-J3,-398,Yes,No,True,40282469,
ENSG00000134057,CCNB1,,-398,,,False,40209578,
,S1P,,-398,,,False,40235733,
ENSG00000132646,PCNA,,-398,,,False,40263783,
,EIF-4EBP,,-398,,,False,,
,FAP-1,,-398,,,False,,
,LFG,,-398,,,False,,
ENSG00000145675,p85,,-398,,,False,26807692,
,ANF,,-398,,,False,,
,PDE,,-398,,,False,,
,RhoGDP,,-398,,,False,,
,P35611,,-398,,,False,,
ENSG00000115252,PDE1A,,-398,,,False,38179743,
ENSG00000123360,PDE1B,,-398,,,False,36807122,
ENSG00000154678,PDE1C,,-398,,,False,36824126,
,RIC,,-398,,,False,,
,RIN,,-398,,,False,40107926,
,RICS,,-398,,,False,39906702,
,MIG1,,-398,,,False,32231293,
,ARP3,,-398,,,False,37057894,
ENSG00000152270,PDE3B,,-398,,,False,39409999,
ENSG00000164078,MST1R,"CD136, CDw136, PTK8, RON, SEA",-398,Yes,No,True,,
ENSG00000134318,ROCK2,,-398,,,False,"40253794, 40165809",
ENSG00000095752,IL11,,-398,,,False,40013270,
,DR5,,-398,,,False,40226473,
,DR4,,-398,,,False,"40238542, 39876075",
ENSG00000166949,SMAD3,"HsT17436, JV15-2, MADH3",-398,No,Yes,True,"36727462, 34392614",
,CHLORIDE,,-398,,,False,"40290692, 40277511",
,GIRK,,-398,,,False,34558132,
ENSG00000198369,SPRED2,,-398,,,False,38419308,
,pGC,,-398,,,False,"40280312, 40234908",
,ICA512,,-398,,,False,,
,MIP1A,,-398,,,False,38892058,
ENSG00000134954,ETS1,"ETS-1, EWSR2, FLJ10768",-398,Yes,Yes,True,,
,TopoII,,-398,,,False,,
ENSG00000157557,ETS2,,-398,,,False,"39401352, 39069579",
,AC5,,-398,,,False,,
ENSG00000001167,NFYA,,-398,,,False,39254227,
ENSG00000160271,RALGDS,"RGDS, RGF, RalGEF",-398,No,No,True,"39138404, 37269475",
ENSG00000171223,JUNB,,-398,,,False,"40215968, 39962504",
ENSG00000185386,MAPK11,,-398,,,False,"39895059, 39666682",
ENSG00000135341,MAP3K7,"MEKK7, TAK1",-398,Yes,No,True,,
,MRLC,,-398,,,False,30771534,
ENSG00000166888,STAT6,"D12S1644, IL-4-STAT",-398,Yes,No,True,40230479,
ENSG00000105639,JAK3,"JAK-3, JAK3_HUMAN, JAKL, L-JAK, LJAK",-398,Yes,No,True,40199606,
,myosin,,-398,,,False,40207257,
,MYOSIN,,-398,,,False,40207257,
ENSG00000136156,ITM2B,,-398,,,False,"39460820, 38676926",
,RLC,,-398,,,False,,
ENSG00000197971,MBP,,-398,,,False,,
ENSG00000183735,TBK1,,-398,,,False,40136696,
,AC2,,-398,,,False,39933898,
,IKKe,,-398,,,False,,
ENSG00000172020,GAP43,,-398,,,False,,
ENSG00000127124,HIVEP3,,-398,,,False,35535739,
,PTPB1,,-398,,,False,24550987,
ENSG00000228520,RING1,,-398,,,False,38219048,
,H1,,-398,,,False,,
,RAP1,,-398,,,False,"40240611, 40214437",
ENSG00000205581,HMGN1,,-398,,,False,38447016,
,BCLG,,-398,,,False,,
,TUBB4Q,,-398,,,False,,
ENSG00000188386,PPP3R2,,-398,,,False,,
ENSG00000262785,PKLR,,-398,,,False,"40130200, 39917491",
ENSG00000033327,GAB2,KIAA0571,-398,Yes,No,True,"37085900, 22871571",
,S60,,-398,,,False,39000487,
ENSG00000173674,EIF1AX,"EIF1A, EIF4C, eIF-1A, eIF-4C",-398,No,No,True,40059100,
ENSG00000077238,IL4R,,-398,,,False,,
,IRAK,,-398,,,False,38367238,
,PDE2,,-398,,,False,33271150,
ENSG00000156711,MAPK13,,-398,,,False,"39865029, 38272565",
ENSG00000116473,RAP1A,,-398,,,False,"39460812, 39269448",
ENSG00000160712,IL6R,,-398,,,False,40120148,
ENSG00000102145,GATA1,"ERYF1, GATA-1, GF1, NF-E1, NFE1",-398,No,No,True,40048486,
,SIAH,,-399,,,False,,
ENSG00000183625,CCR3,,-400,,,False,39823036,
,GCSF,,-400,,,False,,
,PLCb,,-400,,,False,,
,PCAF,,-400,,,False,40082673,
ENSG00000168621,GDNF,,-400,,,False,39855379,
,EDG1,,-400,,,False,25330112,
ENSG00000065559,MAP2K4,"JNKK1, MEK4, MKK4, PRKMK4, SERK1",-400,No,Yes,True,,
,FGF,,-400,,,False,40256931,
ENSG00000122025,FLT3,"CD135, FLK2, STK1",-400,Yes,No,True,"40290757, 40263296",
ENSG00000197122,SRC,"ASV, SRC1, c-src",-400,Yes,No,True,"37120696, 33123993",
,GMCSF,,-400,,,False,,
,MKP5,,-400,,,False,"35325330, 30216977",
,Tb,,-400,,,False,40280015,
,SDF1,,-400,,,False,,
ENSG00000131724,IL13RA1,,-401,,,False,38694815,
,FIBRONECTIN,,-401,,,False,40261208,
,VITRONECTIN,,-401,,,False,39510798,
,NTF5,,-401,,,False,,
ENSG00000105723,GSK3A,,-402,,,False,38410441,
,COLLAGEN,,-402,,,False,"40291331, 40287975",
ENSG00000134259,NGF,,-402,,,False,40089648,
ENSG00000189056,RELN,"PRO1598, RL",-402,No,No,True,,
ENSG00000285372,TNKS,,-402,,,False,"39587396, 39022865",
ENSG00000135744,AGT,,-402,,,False,39766817,
ENSG00000112715,VEGFA,"VEGF, VEGF-A, VPF",-402,Yes,No,True,40279002,
ENSG00000141646,SMAD4,"DPC4, MADH4",-402,No,Yes,True,"39164192, 35863523",
,EPHRIN,,-402,,,False,40132580,
,Fibrinogen,,-402,,,False,40274842,
,EPAC1,,-402,,,False,38447883,
,HSPG,,-402,,,False,,
,GRP1,,-403,,,False,,
ENSG00000177455,CD19,,-404,Yes,No,True,40282530,
,NFAT,,-404,,,False,"40070168, 39917621",
,GH,,-404,,,False,40283643,
ENSG00000134250,NOTCH2,,-404,Yes,Yes,True,,
,glucocorticoid,,-404,,,False,,
ENSG00000184384,MAML2,"KIAA1819, MAM3",-404,No,No,True,"40168949, 40088351",
ENSG00000121068,TBX2,,-404,,,False,39816555,
,P21,,-404,,,False,40288674,
,TWIST,,-404,,,False,40278295,
,TGFB,,-404,,,False,,
ENSG00000065243,PKN2,,-405,,,False,39002682,
,PAF,,-405,,,False,40240483,
ENSG00000164362,TERT,"EST2, TCS1, TP2, TRT, hEST2",-406,Yes,No,True,40274950,
,BRADYKININ,,-406,,,False,39562759,
ENSG00000138794,CASP6,,-406,,,False,39264524,
,GNA16,,-406,,,False,,
ENSG00000105173,CCNE1,CCNE,-406,Yes,No,True,40231067,
,ErbB3,,-406,,,False,,
,G2,,-406,,,False,40283934,
,GA,,-406,,,False,40291136,
ENSG00000182866,LCK,,-406,Yes,No,True,"31315298, 35665750",
,ARAD,,-406,,,False,40143000,
,DAP10,,-406,,,False,38189385,
,E1A,,-406,,,False,,
,TRYPSIN,,-407,,,False,40216117,
,FOXG1B,,-407,,,False,15492844,
,PIAS,,-407,,,False,40016540,
,Gas,,-408,,,False,40291873,
ENSG00000082898,XPO1,"CRM-1, CRM1, emb",-408,Yes,No,True,"40275292, 40216697",
,GABA,,-408,,,False,,
,GC1,,-408,,,False,,
ENSG00000172216,CEBPB,,-408,,,False,40207795,
,ARIP2,,-408,,,False,,
,PIP3,,-408,,,False,39832200,
ENSG00000164105,SAP30,,-408,,,False,"40275313, 38149239",
,AMPAR,,-408,,,False,39891080,
,Forskolin,,-408,,,False,39561220,
,FKBP12,,-408,,,False,39828078,
,DHPG,,-408,,,False,29849049,
ENSG00000015285,WAS,"IMD2, THC, WASP, WASPA",-408,No,No,True,,
ENSG00000109971,HSPA8,,-410,,,False,40119318,
ENSG00000254087,LYN,JTK8,-410,Yes,No,True,"37271807, 33419562",
,Gy,,-410,,,False,,
,AXIN,,-410,,,False,39908140,
ENSG00000177885,GRB2,,-410,,,False,38459011,
,LTYPECA,,-410,,,False,,
ENSG00000126583,PRKCG,,-410,,,False,38994113,
,CAP,,-410,,,False,,
,RAL,,-410,,,False,"39892519, 39885558",
,HSPC,,-410,,,False,40252853,
ENSG00000176170,SPHK1,,-410,,,False,"40244468, 40050909",
,KIR21,,-411,,,False,,
,EIF3S2,,-412,,,False,,
,MLK,,-412,,,False,39873699,
ENSG00000112977,DAP,,-412,,,False,40174810,
,NEUROLIGIN,,-412,,,False,"39859221, 38413734",
,KIR23,,-412,,,False,,
,KV12,,-412,,,False,,
,AKAP,,-412,,,False,"40258145, 38513099",
ENSG00000068078,FGFR3,"ACH, CD333, CEK2, JTK4",-412,Yes,No,True,40236155,
ENSG00000092969,TGFB2,,-412,,,False,39992949,
ENSG00000164305,CASP3,,-412,,,False,"37196719, 29524226.",
ENSG00000119878,CRIPT,,-412,,,False,,
ENSG00000006125,AP2B1,,-412,,,False,34779768,
,NMDAR,,-412,,,False,40194653,
,SEROTONIN,,-412,,,False,40274426,
,AC1,,-412,,,False,,
,SPAL,,-412,,,False,39095306,
,ALPHAACTININ,,-412,,,False,,
,KV41,,-412,,,False,,
ENSG00000160181,TFF2,,-413,,,False,"40084401, 39416177",
ENSG00000160182,TFF1,,-413,,,False,"39935174, 39545942",
ENSG00000018236,CNTN1,,-414,,,False,39150637,
ENSG00000128917,DLL4,,-414,,,False,39746584,
,NOV,,-414,,,False,40291355,
ENSG00000105245,NUMBL,,-414,,,False,"38853072, 37373553",
ENSG00000105325,FZR1,"CDC20C, FZR, FZR2, HCDH, HCDH1, KIAA1242",-414,Yes,Yes,True,38134863,
,STARGAZIN,,-414,,,False,20688780,
ENSG00000138442,WDR12,,-414,,,False,"38590422, 36438703",
ENSG00000100811,YY1,"INO80S, UCRBP, YIN-YANG-1",-414,Yes,No,True,"40274982, 40145793",
,ENKEPHALIN,,-416,,,False,39801218,
ENSG00000150459,SAP18,,-416,,,False,"39687031, 35812454",
ENSG00000167371,PKC,,-416,,,False,"29468974, 11465069, 28571764, 33383102",
,PSD93,,-416,,,False,,
,ZNF259,,-417,,,False,"29276408, 21729881",
ENSG00000170345,FOS,,-418,,,False,39292359,
,GLUTAMATE,,-418,,,False,40281230,
,NE,,-418,,,False,"40293690, 40290508, 40290326",
ENSG00000085832,EPS15,"AF-1P, MLLT5",-418,No,No,True,38230218,
ENSG00000169047,IRS1,HIRS-1,-418,Yes,No,True,39771106,
ENSG00000108946,PRKAR1A,"CNC1, PRKAR1, TSE1",-418,No,Yes,True,39406624,
ENSG00000133056,PIK3C2B,"C2-PI3K, PI3K-C2beta",-418,Yes,No,True,38852153,
,HDAC,,-418,,,False,"40288122, 40284012",
ENSG00000149554,CHEK1,CHK1,-420,No,Yes,True,40141218,
,SS,,-420,,,False,"40291347, 40291331, 40291311",
ENSG00000183765,CHEK2,"CHK2, HuCds1, PP1425, RAD53, bA444G7",-420,No,Yes,True,40253392,
,ADENOSINE,,-420,,,False,40287490,
ENSG00000151694,ADAM17,,-421,,,False,40070920,
,Akt,,-421,,,False,"40293258, 40292077",
,SSCAM,,-421,,,False,,
,GKAP,,-422,,,False,22328512,
ENSG00000140564,FURIN,"FUR, PACE, PCSK3",-422,Yes,No,True,40067513,
,mRNA,,-422,,,False,40292524,
,SORCIN,,-422,,,False,"39673665, 39215797",
,ANANDAMIDE,,-422,,,False,39934865,
ENSG00000106003,LFNG,,-422,,,False,"38811988, 36701842",
,CIPP,,-422,,,False,39221701,
ENSG00000113722,CDX1,,-423,,,False,39049488,
ENSG00000056558,TRAF1,,-424,,,False,"40210478, 39949951",
,GRIP,,-424,,,False,40255418,
,SYNTENIN,,-424,,,False,40020425,
,P1433,,-424,,,False,,
ENSG00000205302,SNX2,,-424,,,False,37414723,
ENSG00000163501,IHH,,-424,,,False,39941010,
ENSG00000188612,SUMO2,,-424,,,False,40019399,
ENSG00000164690,SHH,,-424,,,False,40227413,
,CD3,,-424,,,False,"40293274, 40284495",
ENSG00000127191,TRAF2,"RNF117, TRAP3",-424,No,No,True,"37081115, 36011046, 37415241",
ENSG00000114520,SNX4,,-424,,,False,"37158588, 33468622",
ENSG00000139549,DHH,,-424,,,False,,
ENSG00000115415,STAT1,"ISGF-3, STAT91",-426,No,No,True,"25267067, 29702007",
ENSG00000155760,FZD7,,-426,,,False,"40021214, 39709523",
,ALPHACATENIN,,-426,,,False,,
ENSG00000164399,IL3,"IL-3, MCGF, MGC79398, MGC79399, MULTI-CSF",-426,Yes,No,True,,
ENSG00000112964,GHR,,-426,,,False,39835702,
ENSG00000126561,STAT5A,STAT5,-426,Yes,No,True,37196931,
ENSG00000095585,BLNK,,-428,,,False,38010064,
ENSG00000087095,NLK,,-430,,,False,,
,SAC,,-432,,,False,40258738,
ENSG00000281670,CABIN1,,-432,,,False,33490650,
ENSG00000174804,FZD4,,-432,,,False,"40216217, 38589650",
ENSG00000141968,VAV1,VAV,-432,Yes,No,True,35752351,
,STEP,,-434,,,False,40291157,
,P13K,,-434,,,False,39891849,
,PDGF,,-434,,,False,40204276,
ENSG00000072401,UBE2D1,,-435,,,False,37886979,
,I-mf,,-437,,,False,,
,PI-4-P5K,,-438,,,False,,
ENSG00000117152,RGS4,,-438,,,False,39938577,
,DGK,,-438,,,False,,
ENSG00000187091,PLCD1,,-438,,,False,36849889,
,GAIP,,-438,,,False,,
,PCLy,,-438,,,False,,
,TUBBY,,-439,,,False,35145825,
,Itk,,-439,,,False,40133868,
,PLCg-2,,-440,,,False,,
,TAU,,-440,,,False,40271888,
,CRMP2,,-440,,,False,"37316860, 36338721",
,GEPHYRIN,,-441,,,False,38241681,
ENSG00000185950,IRS2,,-442,Yes,No,True,39625949,
ENSG00000131711,MAP1B,,-442,,,False,,
ENSG00000078018,MAP2,,-442,,,False,39859209,
,DYNEIN,,-442,,,False,39934438,
ENSG00000170296,GABARAP,,-442,,,False,39746759,
ENSG00000166963,MAP1A,,-442,,,False,36408130,
ENSG00000116741,RGS2,,-442,,,False,39572651,
,PITPN,,-444,,,False,,
ENSG00000184557,SOCS3,"CIS3, Cish3, SOCS-3, SSI-3",-446,No,Yes,True,40003884,
ENSG00000135480,KRT7,,-446,,,False,39980061,
,NCK,,-446,,,False,"39894064, 39390117",
ENSG00000125743,SNRPD2,,-446,,,False,35626291,
,SLP-76,,-446,,,False,39117875,
ENSG00000071051,NCK2,,-446,,,False,"38583810, 36504051",
ENSG00000131171,SH3BGRL,,-446,,,False,37008945,
ENSG00000285435,H3-4,"H3.4, H3/g, H3FT, H3t, HIST3H3",-446,No,No,True,30223148,
,PLD,,-446,,,False,40081770,
ENSG00000184304,PRKD1,"PKC-mu, PKCM, PKD, PRKCM",-446,No,No,True,,
ENSG00000128422,KRT17,,-446,,,False,,
ENSG00000168374,ARF4,,-446,,,False,,
ENSG00000101213,PTK6,BRK,-446,No,No,True,"39965532, 39392221",
ENSG00000166225,FRS2,"FRS2A, FRS2alpha, SNT-1",-446,Yes,No,True,"39762180, 39033733",
ENSG00000170421,KRT8,,-446,,,False,39896665,
,MIG6,,-446,,,False,,
,SAP97,,-448,,,False,,
ENSG00000196092,PAX5,BSAP,-448,Yes,Yes,True,40200967,
ENSG00000108854,SMURF2,,-448,,,False,39739005,
,KAR,,-448,,,False,40225740,
ENSG00000137693,YAP1,YAP65,-448,Yes,No,True,"40279065, 40274769",
ENSG00000171298,GAA,,-450,,,False,40088892,
ENSG00000111361,EIF2B1,"EIF-2B, EIF-2Balpha, EIF2B, EIF2BA",-450,No,Yes,True,,
ENSG00000132341,RAN,,-450,,,False,"40286448, 40283888, 40280251",
,EIF2G,,-450,,,False,,
,SODD,,-451,,,False,29087604,
,MEK5,,-452,,,False,"39998753, 38378612",
ENSG00000152661,GJA1,,-452,,,False,39936974,
ENSG00000188313,PLSCR1,,-454,,,False,38636689,
ENSG00000125931,CITED1,,-454,,,False,38782103,
,PKA,,-454,,,False,24212646,
ENSG00000185338,SOCS1,"Cish1, JAB, SOCS-1, SSI-1, TIP3",-456,No,Yes,True,"40198333, 40030008",
ENSG00000160293,VAV2,,-456,Yes,No,True,39187291,
ENSG00000133961,NUMB,,-456,,,False,39691600,
,GPCR,,-456,,,False,"40263271, 40235733",
,RASGAP,,-456,,,False,39269317,
ENSG00000144118,RALB,,-458,,,False,"40172988, 39345530",
ENSG00000121879,PIK3CA,PI3K,-458,Yes,No,True,"33801659, 15023437",
ENSG00000157077,ZFYVE9,,-458,,,False,25501807,
ENSG00000163435,ELF3,"EPR-1, ERT, ESE-1, ESX",-460,Yes,Yes,True,40018511,
ENSG00000126883,NUP214,"CAIN, CAN, D9S46E, N214",-462,Yes,No,True,"40204893, 39744516",
,plectin,,-462,,,False,39915800,
,ZFHX1B,,-462,,,False,20551052,
ENSG00000134215,VAV3,,-462,,,False,39715471,
ENSG00000107882,SUFU,"PRO1280, SUFUH, SUFUXL",-462,No,Yes,True,40276932,
,CRI2,,-462,,,False,,
,SAM68,,-462,,,False,,
,LEF,,-462,,,False,40138019,
,HD,,-464,,,False,40287496,
ENSG00000070808,CAMK2A,,-466,,,False,"34408002, 32483123",
ENSG00000144895,EIF2A,,-466,,,False,,
ENSG00000148516,ZEB1,,-466,,,False,40259641,
ENSG00000147010,SH3KBP1,,-468,,,False,"39448713, 37343421",
ENSG00000134853,PDGFRA,"CD140a, GAS9, PDGFR2",-468,Yes,No,True,"40216820, 40202541",
ENSG00000179295,PTPN11,"BPTP3, NS1, PTP2C, SH-PTP2, SHP-2, SHP2",-472,Yes,No,True,35802774,
ENSG00000134982,APC,"DP2.5, PPP1R46",-472,No,Yes,True,40287431,
ENSG00000162434,JAK1,"JAK1A, JAK1B, JTK3",-472,Yes,Yes,True,"38001065, 31305264",
,TCF,,-472,,,False,40220879,
ENSG00000106799,TGFBR1,"ALK-5, ALK5, ESS1, MSSE, TBR-i, TBRI",-474,No,Yes,True,"25125747, 21461994",
ENSG00000113580,GR,,-474,,,False,37807060,
ENSG00000140443,IGF1R,"CD221, IGFIR, IGFR, JTK13, MGC18216",-474,Yes,No,True,"36373776, 35668527, 38420122",
,PTP-SL,,-474,,,False,,
,Gai,,-476,,,False,"40254670, 40221683",
ENSG00000163877,SNIP1,,-476,,,False,38304835,
ENSG00000103653,CSK,,-478,,,False,40043109,
ENSG00000187266,EPOR,,-478,Yes,No,True,"35359375, 28418910",
ENSG00000167193,CRK,,-478,,,False,,
ENSG00000097007,ABL1,"ABL, JTK7, c-ABL",-478,Yes,No,True,31311809,
,ACK,,-480,,,False,,
,RACK,,-480,,,False,40120523,
ENSG00000101665,SMAD7,,-480,,,False,40133308,
ENSG00000119383,PTPA,,-480,,,False,,
ENSG00000150093,ITGB1,,-480,,,False,40078560,
ENSG00000148498,PARD3,,-482,,,False,39399669,
ENSG00000026508,CD44,,-482,,,False,40287470,
ENSG00000079387,SENP1,,-482,,,False,"40063360, 39983892",
ENSG00000284126,SMURF1,,-484,,,False,"39920824, 39762312",
ENSG00000111145,ELK3,,-486,,,False,39551868,
ENSG00000100030,MAPK1,"ERK2, MAPK2, PRKM1, PRKM2, p41mapk",-486,Yes,No,True,34992144,
,TNFR1,,-486,,,False,40104397,
ENSG00000142208,AKT1,"AKT, PKB, PRKBA, RAC, RAC-alpha",-488,Yes,No,True,"30808672, 31594388",
ENSG00000175387,SMAD2,"JV18-1, MADH2, MADR2",-490,No,Yes,True,"36216972,  37378449",
ENSG00000112851,ERBIN,,-490,,,False,"39778021, 39391694",
ENSG00000141551,CSNK1D,,-490,,,False,38781585,
ENSG00000071564,TCF3,"E2A, E47, ITF1, MGC129647, MGC129648, VDIR, bHLHb21",-490,No,Yes,True,40133667,
ENSG00000110514,MADD,,-490,,,False,37735672,
,ICAT,,-491,,,False,"40169469, 40140298, 40113596",
,Lgs,,-491,,,False,,
ENSG00000182968,SOX1,,-491,,,False,"40259371, 40157295",
ENSG00000165458,INPPL1,SHIP2,-492,No,Yes,True,,
ENSG00000129538,RAC1,"Rac-1, TC-25, p21-Rac1",-492,Yes,No,True,"27790713, 39052477",
,SPRY,,-492,,,False,39739616,
ENSG00000127445,PIN1,,-492,,,False,"40251462, 40125575",
ENSG00000114423,CBLB,"Cbl-b, RNF56",-492,No,No,True,"36750253, 33741730",
ENSG00000284901,RUVBL1,,-492,,,False,39874873,
,SYNAPSIN,,-492,,,False,39885038,
ENSG00000103449,SALL1,,-492,,,False,37322178,
ENSG00000171105,INSR,CD220,-492,Yes,No,True,40187002,
ENSG00000100603,SNW1,,-494,,,False,37013003,
ENSG00000091409,ITGA6,,-494,,,False,40083708,
,M3/6,,-495,,,False,,
,MKK7,,-496,,,False,38374934,
ENSG00000283060,ID3,"HEIR-1, bHLHb25",-496,No,Yes,True,40078091,
ENSG00000023734,STRAP,,-496,,,False,39904022,
ENSG00000153071,DAB2,,-496,,,False,39760915,
ENSG00000160691,SHC,,-498,,,False,"35706930, 35601500",
,p38,,-498,,,False,"35141222, 32243890, 33204153",
ENSG00000213658,LAT,,-498,,,False,,
ENSG00000198561,CTNND1,,-498,,,False,38963703,
ENSG00000102974,CTCF,"CFAP108, FAP108",-498,No,Yes,True,40166279,
,Calpain2,,-500,,,False,,
ENSG00000137975,CLCA2,,-500,,,False,35875026,
,G1,,-500,,,False,40290959,
,GFR,,-500,,,False,40176764,
ENSG00000197694,SPTAN1,,-500,,,False,37284462,
,ASK1,,-500,,,False,"40108305, 39955585",
ENSG00000115738,ID2,,-502,,,False,40051631,
ENSG00000101412,E2F1,,-502,,,False,"40262717, 40221814",
,RNTRE,,-504,,,False,,
ENSG00000136754,ABI1,"ABI-1, E3B1, SSH3BP1",-504,No,No,True,38621200,
ENSG00000159352,PSMD4,,-504,,,False,"39850819, 39011168",
ENSG00000154229,PKCA,,-504,,,False,9468546,
,CK2A2,,-504,,,False,,
ENSG00000133740,E2F5,,-506,,,False,39473405,
,CIR,,-506,,,False,40239975,
ENSG00000146535,GNA12,gep,-506,Yes,No,True,38357893,
ENSG00000141456,PELP1,,-506,,,False,"37853941, 36909198",
,TALIN,,-506,,,False,39961974,
ENSG00000115904,SOS1,GINGF,-508,Yes,No,True,"36459180, 37042566",
ENSG00000101384,JAG1,,-508,,,False,40082891,
,Grb7,,-508,,,False,39628959,
ENSG00000162772,ATF3,,-508,,,False,40203759,
ENSG00000091831,ESR1,"ER-alpha, ESR, Era, NR3A1",-508,Yes,No,True,"31318440, 34621045, 37864956",
ENSG00000113575,PPP2CA,,-508,,,False,39298813,
,DYNAMIN,,-508,,,False,40198702,
ENSG00000092820,EZR,VIL2,-508,No,No,True,39816549,
,PGC1A,,-508,,,False,,
ENSG00000145335,SNCA,,-509,,,False,39953304,
ENSG00000111424,VDR,,-510,,,False,40222751,
,RSK2,,-510,,,False,39438587,
ENSG00000039068,CDH1,"CD324, UVO, uvomorulin",-510,No,Yes,True,25926721,
ENSG00000026103,FAS,"APO-1, APT1, CD95, FAS1, TNFRSF6",-510,No,Yes,True,40259961,
ENSG00000095015,MAP3K1,"MAPKKK1, MEKK, MEKK1",-510,No,Yes,True,39854658,
,AXAM2,,-512,,,False,,
ENSG00000128602,SMO,"FZD11, SMOH",-512,Yes,No,True,40129067,
,Gbg,,-512,,,False,,
ENSG00000064393,HIPK2,,-512,,,False,"39554746, 39171173",
,MEKK4,,-514,,,False,30259868,
ENSG00000101346,POFUT1,,-514,,,False,,
,p85beta,,-514,,,False,,
ENSG00000075891,PAX2,,-514,,,False,39872364,
ENSG00000132535,PSD95,,-514,,,False,36127319,
ENSG00000168646,AXIN2,"DKFZp781B0869, MGC126582",-514,No,Yes,True,39956770,
,SnoN,,-514,,,False,34541030,
,Calpain1,,-514,,,False,,
ENSG00000113558,SKP1,,-514,,,False,39868286,
,EF1A,,-516,,,False,37940144,
ENSG00000160973,FOXH1,,-516,,,False,35848281,
ENSG00000004897,CDC27,,-516,,,False,,
ENSG00000124789,NUP153,,-516,,,False,,
ENSG00000185359,HGS,,-516,,,False,40092885,
ENSG00000130177,CDC16,,-516,,,False,"39638786, 35088579",
ENSG00000105976,MET,"DFNB97, HGFR, RCCP2",-518,Yes,No,True,"40293177, 40291377, 40291327",
ENSG00000196628,TCF4,,-518,,,False,"40288674, 40221753",
,NICD,,-518,,,False,29704427,
ENSG00000125968,ID1,"bHLHb24, dJ857M17.1.2",-519,Yes,No,True,"40116596, 39938577",
ENSG00000101966,XIAP,"API3, BIRC4, ILP-1, hILP",-520,Yes,No,True,40223411,
,mDIA,,-520,,,False,32736682,
ENSG00000213949,ITGA1,,-520,,,False,"40201568, 39813824",
ENSG00000129515,SNX6,,-522,,,False,28339086,
,LRP,,-523,,,False,,
ENSG00000187514,PTMA,,-523,,,False,37014237,
ENSG00000283780,MAML1,,-524,,,False,38170217,
,CALMODULIN,,-524,,,False,"23958188, 24188867",
ENSG00000157933,SKI,,-524,,,False,40188079,
,Ca++,,-524,,,False,"28119804, 39539289",
,IBR,,-524,,,False,40113717,
ENSG00000114315,HES1,,-524,,,False,40156410,
ENSG00000169891,REPS2,,-525,,,False,,
ENSG00000136997,MYC,"MYCC, bHLHe39, c-Myc",-526,Yes,No,True,"22464321, 34508258",
,RKIP,,-526,,,False,40154299,
,RAS,,-526,,,False,"40293608, 40289764",
ENSG00000145715,p120,,-526,,,False,33125148,
,AChE,,-526,,,False,,
ENSG00000135597,REPS1,,-526,,,False,34885215,
ENSG00000186951,PPARA,,-526,,,False,"31154022, 36610145",
ENSG00000169032,MAP2K1,"MAPKK1, MEK1, PRKMK1",-526,Yes,No,True,33774345,
ENSG00000067560,RHOA,"ARH12, ARHA, RHOH12, Rho12",-526,Yes,No,True,"40239628, 40220963",
ENSG00000273529,HES5,,-526,,,False,38603632,
ENSG00000169398,FAK,,-526,,,False,30849480,
ENSG00000109458,GAB1,DFNB26,-526,Yes,No,True,39571732,
,AP2,,-527,,,False,"40175846, 39964473",
,N-WASP,,-528,,,False,40105919,
ENSG00000171552,BCL2L1,"BCL2L, BCLX, Bcl-X, PPP1R52, bcl-xL, bcl-xS",-528,No,No,True,35184257,
ENSG00000213923,CSNK1E,,-528,,,False,"39872053, 38955142",
ENSG00000172845,SP3,,-528,,,False,40015157,
ENSG00000114126,TFDP2,,-528,,,False,"39318640, 33773557",
ENSG00000028528,SNX1,,-528,,,False,"38909779, 38606629",
ENSG00000163513,TGFBR2,"MFS2, TBR-ii, TBRII",-528,No,Yes,True,"38729557, 32628850",
ENSG00000169071,ROR2,,-528,,,False,"40202784, 39994845",
,RSK,,-528,,,False,40102447,
ENSG00000185920,PTCH1,"BCNS, NBCCS, PTCH",-528,No,Yes,True,40001885,
,Sin3,,-528,,,False,39094826,
,GROUCHO,,-530,,,False,36749823,
ENSG00000132170,PPARG,"NR1C3, PPARG1, PPARG2, PPARgamma",-530,Yes,No,True,37334066,
ENSG00000065526,SPEN,"KIAA0929, MINT, RBM15C, SHARP",-530,No,Yes,True,39778956,
ENSG00000198681,MAGEA1,,-530,,,False,,
ENSG00000004975,DVL2,,-530,,,False,39404409,
ENSG00000162337,LRP5,"BMND1, EVR1, EVR4, LR3, LRP7, OPPG, OPS, OPTA1, VBCH2",-530,Yes,Yes,True,40050987,
ENSG00000135144,DTX1,"RNF140, hDx-1",-530,No,Yes,True,,
ENSG00000171791,BCL2,"Bcl-2, PPP1R50",-530,Yes,No,True,,
ENSG00000135966,TGFBRAP1,,-531,,,False,26682928,
,TOB,,-532,,,False,"40271928, 40246532",
,14-3-3,,-532,,,False,,
ENSG00000144589,STK11IP,,-532,,,False,33041669,
ENSG00000078399,HOXA9,HOX1G,-532,No,No,True,"40188268, 40069561",
ENSG00000121022,COPS5,,-532,,,False,"40053484, 39671715",
ENSG00000139352,ASCL1,,-532,,,False,40211072,
ENSG00000132470,ITGB4,,-532,,,False,40121428,
ENSG00000087088,BAX,BCL2L4,-534,No,No,True,40283909,
ENSG00000161202,DVL3,,-534,,,False,39656865,
,DOK,,-534,,,False,40165610,
ENSG00000055130,CUL1,,-534,,,False,39439118,
,CK2,,-534,,,False,40161727,
,7TMR,,-535,,,False,18289622,
,Bcl-rambo,,-535,,,False,20179162,
,A-Raf,,-535,,,False,,
,PEN2,,-535,,,False,,
,Idax,,-536,,,False,24220273,
,CSL,,-536,,,False,40274771,
,BPAG1,,-536,,,False,26778559,
ENSG00000196591,HDAC2,"KDAC2, YAF1",-536,Yes,No,True,40090152,
,METS,,-536,,,False,40251533,
,T3R,,-536,,,False,32995956,
ENSG00000143384,MCL1,"BCL2L3, Mcl-1",-536,Yes,No,True,,
ENSG00000170365,SMAD1,,-536,,,False,39834944,
,IP3R,,-536,,,False,39984524,
,HSP27,,-536,,,False,,
ENSG00000165637,VDAC2,,-536,,,False,40108474,
ENSG00000102882,MAPK3,"ERK1, PRKM3, p44erk1, p44mapk",-536,Yes,No,True,33213267,
ENSG00000138134,STAMBPL1,,-536,,,False,39706065,
ENSG00000171720,HDAC3,,-536,,,False,"40234906, 40211376",
,CLATHRIN,,-536,,,False,40190115,
,BP75,,-536,,,False,7959299,
ENSG00000096696,DSP,,-536,,,False,40158048,
ENSG00000159692,CTBP1,,-536,,,False,"39967797, 39294274",
ENSG00000162738,VANGL2,,-536,,,False,"39968094, 39269442",
ENSG00000147044,CASK,,-536,,,False,"37506697, 34639058",
ENSG00000102871,TRADD,,-536,,,False,38931453,
,SYNTAXIN,,-536,,,False,39653855,
,FRIZZLED,,-537,,,False,40169811,
,RXR,,-537,,,False,39996819,
ENSG00000144485,HES6,,-538,,,False,"38733993, 38504568",
ENSG00000135679,MDM2,"HDM2, MGC5370",-538,Yes,No,True,40277907,
ENSG00000141736,ERBB2,"CD340, HER-2, HER2, NGL",-538,Yes,No,True,17471238,
ENSG00000164867,NOS3,,-538,,,False,39859471,
ENSG00000132639,SNAP25,,-538,,,False,39236027,
,DAX-1,,-538,,,False,,
ENSG00000166311,SMPD1,,-538,,,False,39767749,
,RAB5,,-538,,,False,39976236,
ENSG00000154764,WNT7A,,-538,,,False,38894865,
,Bok,,-538,,,False,39909336,
,NCOR,,-538,,,False,39094826,
ENSG00000015475,BID,,-538,,,False,40279684,
ENSG00000127946,HIP1,,-538,No,No,True,38961904,
,GBETAGAMMA,,-538,,,False,,
,BAK,,-538,,,False,40243501,
,cAR,,-539,,,False,40289711,
ENSG00000157404,KIT,"C-Kit, CD117, PBT, SCFR",-539,Yes,No,True,36332623,
,FORKHEAD,,-540,,,False,40264026,
,CALCINEURIN,,-540,,,False,40199660,
ENSG00000188191,PRKAR1B,,-540,,,False,40146487,
ENSG00000109321,AR,"AIS, DHTR, HUMARA, NR3C4, SBMA, SMAX1",-540,Yes,No,True,22245783,
ENSG00000120899,PTK,,-540,,,False,26330541,
ENSG00000127947,PTPN12,,-541,,,False,"39477543, 38612874",
ENSG00000111057,KRT18,,-542,,,False,39729139,
ENSG00000173757,STAT5B,,-542,Yes,No,True,38341429,
,Cer,,-543,,,False,,
ENSG00000156076,WIF1,,-544,No,Yes,True,39504946,
ENSG00000284832,POLR2A,,-544,,,False,"39844680, 38260385",
,NASCENTCHAIN,,-544,,,False,,
ENSG00000165025,SYK,,-544,Yes,No,True,25447675,
ENSG00000108061,SHOC2,"KIAA0862, SOC-2, SOC2, SUR-8, SUR8",-544,Yes,No,True,39871893,
ENSG00000163430,FSTL1,"FRP, FSL1, OCC-1, OCC1, tsc36",-545,Yes,No,True,"39995823, 39722404",
,PI3Ky,,-546,,,False,,
,DKK,,-546,,,False,39941823,
ENSG00000035403,VCL,,-546,,,False,29913236,
,ISRE,,-546,,,False,37039433,
ENSG00000074181,NOTCH3,"CADASIL, CASIL",-546,Yes,Yes,True,"40252157, 40086324",
ENSG00000149480,MTA2,,-546,,,False,"38744975, 38050825",
ENSG00000102054,RBBP7,,-546,,,False,"39862997, 38368381",
ENSG00000169967,MAP3K2,,-546,,,False,"39963142, 38710724",
,Ryk,,-546,,,False,"38193678, 38064524",
,GRIM19,,-546,,,False,"38847244, 37118800",
ENSG00000259207,ITGB3,,-546,,,False,"40181316, 39940785",
ENSG00000188763,FZD9,,-546,,,False,34836197,
,MLC,,-546,,,False,40230049,
,PP2A,,-550,,,False,40236131,
ENSG00000163482,STK36,,-550,,,False,25278022,
ENSG00000116030,SUMO1,,-550,,,False,"40127738, 39932259",
ENSG00000149269,PAK1,,-550,Yes,No,True,"40111665, 40087375",
ENSG00000272886,DCP1A,,-550,,,False,37065560,
,PIP2,,-552,,,False,39832200,
ENSG00000146648,EGFR,"ERBB, ERBB1, ERRP",-552,Yes,No,True,35427766,
,ACTIN,,-552,,,False,40267906,
ENSG00000128708,HAT1,,-556,,,False,"39988616, 39600260",
ENSG00000002330,BAD,,-558,,,False,40274823,
ENSG00000120868,APAF1,,-560,,,False,,
ENSG00000005339,CBP,,-564,,,False,"15156177, 37995682,",
ENSG00000096968,JAK2,JTK10,-590,Yes,No,True,"34968467, 31511084",
